account_id,plan_tier,industry,referral_source,is_trial,seats,corte,inicio,dias_obs,mrr_ult,uso_eventos,uso_count,uso_seg,uso_erros,uso_dias_ativos,uso_features_distintas,uso_ultimo,uso_beta_ev,taxa_erro,uso_por_100d,dias_desde_ultimo_uso,tk_n,tk_escal,tk_res_h,tk_frt_min,tk_sat,tk_sat_resp,tk_urg_high,tk_por_100d,tk_por_1000_usos,D1_churn_flag,D2_churn_event,D3_ult_assin_encerrada
A-2e4581,Basic,EdTech,partner,False,9,2024-11-23,2024-10-20,34,836,52,502,145106,34,52,26,2024-11-12,4,0.06772908366533864,152.94117647058823,11,1.0,0.0,27.0,64.0,3.0,1.0,1.0,2.941176470588235,1.9920318725099602,False,True,False
A-43a9e3,Basic,FinTech,other,False,18,2024-12-31,2023-09-20,468,882,35,355,101136,14,35,23,2024-12-29,2,0.03943661971830986,7.478632478632479,2,3.0,0.0,38.0,73.33333333333333,4.0,3.0,2.0,0.641025641025641,8.450704225352112,True,False,False
A-0a282f,Basic,DevTools,organic,False,1,2024-10-06,2024-08-31,36,98,72,717,224806,43,70,33,2024-09-15,5,0.0599721059972106,200.0,21,2.0,0.0,56.5,23.5,5.0,2.0,1.0,5.555555555555555,2.7894002789400276,False,True,False
A-1f0ac7,Basic,HealthTech,other,True,24,2024-11-08,2023-12-04,340,1176,38,354,92184,18,37,24,2024-10-22,5,0.05084745762711865,11.176470588235295,17,2.0,0.0,29.0,174.0,,0.0,1.0,0.5882352941176471,5.649717514124294,False,True,False
A-ce550d,Enterprise,HealthTech,event,False,35,2024-12-28,2024-10-28,61,21691,58,579,215779,31,56,32,2024-12-23,4,0.0535405872193437,95.08196721311475,5,7.0,1.0,42.285714285714285,107.85714285714286,3.8,5.0,4.0,11.475409836065573,12.089810017271159,True,True,True
A-1b9609,Enterprise,EdTech,ads,False,4,2024-01-02,2023-12-01,32,0,18,160,44246,7,18,15,2023-12-08,1,0.04375,56.25,25,1.0,0.0,16.0,42.0,,0.0,0.0,3.125,6.25,False,True,False
A-a0ca4e,Pro,Cybersecurity,ads,False,11,2024-12-31,2024-03-16,290,5174,39,373,116964,14,39,26,2024-12-17,3,0.03753351206434316,13.448275862068964,14,6.0,3.0,39.166666666666664,89.83333333333333,3.8,5.0,2.0,2.0689655172413794,16.0857908847185,False,False,False
A-e5d6ab,Pro,EdTech,partner,False,3,2023-04-24,2023-05-11,1,1568,8,69,29257,3,8,8,2023-04-21,0,0.043478260869565216,800.0,3,0.0,0.0,,,,0.0,0.0,0.0,0.0,False,True,False
A-7dacce,Enterprise,Cybersecurity,event,False,12,2024-09-18,2024-09-10,8,0,40,399,125120,28,40,25,2024-09-17,4,0.07017543859649122,500.0,1,4.0,0.0,32.5,75.25,3.6666666666666665,3.0,4.0,50.0,10.025062656641603,True,True,False
A-10b8da,Enterprise,DevTools,partner,False,14,2024-12-31,2023-05-12,599,1666,27,257,73818,14,26,23,2024-12-23,2,0.054474708171206226,4.507512520868113,8,3.0,0.0,31.333333333333332,71.33333333333333,3.5,2.0,2.0,0.5008347245409015,11.673151750972762,True,False,False
A-592832,Basic,Cybersecurity,organic,False,18,2024-10-04,2024-09-26,8,882,92,949,288850,53,83,37,2024-10-01,13,0.05584826132771338,1150.0,3,2.0,0.0,28.5,95.5,5.0,1.0,1.0,25.0,2.107481559536354,True,True,False
A-d40bf7,Basic,FinTech,organic,False,59,2024-12-31,2024-11-09,52,1121,55,562,150186,22,54,29,2024-11-21,5,0.03914590747330961,105.76923076923077,40,2.0,0.0,20.5,125.5,5.0,2.0,2.0,3.8461538461538463,3.558718861209964,False,False,False
A-6c093d,Basic,DevTools,partner,True,7,2024-12-31,2023-04-30,611,0,64,670,217275,30,63,30,2024-12-30,10,0.04477611940298507,10.474631751227497,1,3.0,1.0,40.333333333333336,68.33333333333333,5.0,1.0,2.0,0.4909983633387889,4.477611940298508,False,False,False
A-462d45,Enterprise,Cybersecurity,partner,True,11,2024-05-17,2024-01-16,122,1470,52,484,120026,22,49,29,2024-05-10,5,0.045454545454545456,42.62295081967213,7,3.0,0.0,26.0,84.33333333333333,4.0,1.0,3.0,2.459016393442623,6.198347107438017,False,True,False
A-956988,Enterprise,EdTech,ads,False,1,2024-12-08,2024-12-01,7,6368,69,650,172688,45,66,32,2024-12-01,7,0.06923076923076923,985.7142857142858,7,2.0,0.0,50.5,118.0,3.0,1.0,1.0,28.57142857142857,3.076923076923077,False,True,False
A-ac14bb,Enterprise,FinTech,partner,False,21,2024-08-29,2023-09-27,337,532,47,455,146233,33,47,30,2024-08-24,7,0.07252747252747253,13.94658753709199,5,2.0,0.0,24.5,30.5,4.0,1.0,1.0,0.5934718100890208,4.395604395604396,False,True,False
A-463db0,Basic,HealthTech,partner,False,15,2024-12-30,2024-12-09,21,735,37,367,106259,13,36,25,2024-12-27,3,0.035422343324250684,176.19047619047618,3,6.0,1.0,50.166666666666664,94.83333333333333,4.25,4.0,2.0,28.57142857142857,16.34877384196185,False,True,False
A-ce66f8,Pro,EdTech,event,False,29,2024-12-31,2023-08-24,495,1421,46,494,133559,19,45,29,2024-12-31,6,0.038461538461538464,9.292929292929292,0,6.0,0.0,41.666666666666664,79.16666666666667,3.5,2.0,2.0,1.2121212121212122,12.145748987854251,False,False,False
A-c4ea60,Enterprise,FinTech,other,False,18,2024-12-31,2023-04-11,630,3582,43,427,137244,18,41,28,2024-12-11,9,0.04215456674473068,6.825396825396825,20,5.0,0.0,36.0,59.0,3.6,5.0,1.0,0.7936507936507936,11.7096018735363,True,False,False
A-832ec2,Enterprise,FinTech,event,True,4,2023-12-19,2024-01-02,1,4378,18,186,61874,6,18,15,2023-12-18,4,0.03225806451612903,1800.0,1,0.0,0.0,,,,0.0,0.0,0.0,0.0,False,True,False
A-684255,Enterprise,FinTech,ads,False,9,2024-05-04,2024-04-14,20,0,47,466,132325,32,46,31,2024-04-27,10,0.06866952789699571,235.0,7,2.0,0.0,5.5,145.0,4.5,2.0,1.0,10.0,4.291845493562231,False,True,True
A-c42f1f,Pro,HealthTech,other,False,8,2024-12-31,2024-07-28,156,152,35,337,98383,20,33,24,2024-10-30,5,0.05934718100890208,22.435897435897438,62,9.0,1.0,31.333333333333332,81.88888888888889,4.0,5.0,4.0,5.769230769230769,26.706231454005934,False,False,False
A-4e44e8,Enterprise,DevTools,ads,False,3,2024-08-25,2024-08-23,2,3383,57,572,179550,27,57,30,2024-08-22,6,0.0472027972027972,2850.0,3,2.0,0.0,46.0,110.0,3.5,2.0,1.0,100.0,3.4965034965034967,True,True,False
A-30b4ca,Basic,EdTech,organic,False,86,2024-09-01,2024-05-24,100,1634,35,332,108447,22,34,25,2024-08-03,8,0.06626506024096386,35.0,29,2.0,0.0,54.5,97.0,4.0,1.0,0.0,2.0,6.024096385542169,True,True,False
A-9f2731,Enterprise,FinTech,event,False,1,2024-10-15,2024-10-12,3,0,28,285,86681,20,26,20,2024-10-12,2,0.07017543859649122,933.3333333333334,3,0.0,0.0,,,,0.0,0.0,0.0,0.0,False,True,False
A-32fb14,Enterprise,DevTools,event,False,26,2023-08-19,2023-07-18,32,5174,21,237,70547,4,20,17,2023-08-15,1,0.016877637130801686,65.625,4,1.0,0.0,63.0,24.0,,0.0,0.0,3.125,4.219409282700422,True,True,False
A-00cac8,Enterprise,HealthTech,organic,True,8,2024-12-31,2023-09-16,472,931,58,602,171366,31,57,30,2024-12-24,7,0.05149501661129568,12.288135593220339,7,2.0,0.0,33.0,120.5,,0.0,2.0,0.423728813559322,3.3222591362126246,False,False,False
A-35083d,Basic,HealthTech,partner,False,19,2024-12-31,2023-06-03,577,9751,72,791,237055,37,70,29,2024-12-29,7,0.04677623261694058,12.478336221837088,2,4.0,0.0,49.75,119.0,5.0,3.0,3.0,0.6932409012131715,5.056890012642225,True,False,False
A-eb7fac,Enterprise,DevTools,organic,False,7,2024-07-22,2023-12-26,209,494,43,440,155330,43,41,25,2024-07-17,6,0.09772727272727273,20.574162679425836,5,4.0,0.0,34.0,126.5,4.0,1.0,2.0,1.9138755980861244,9.09090909090909,False,True,False
A-b20d99,Basic,HealthTech,other,False,20,2024-03-04,2024-01-26,38,3980,20,206,74023,9,19,14,2024-02-04,2,0.043689320388349516,52.63157894736842,29,2.0,0.0,61.5,27.0,3.5,2.0,0.0,5.263157894736842,9.70873786407767,False,True,False
A-396e5f,Enterprise,Cybersecurity,other,False,2,2024-11-30,2024-10-02,59,1666,51,497,155121,18,50,28,2024-11-26,5,0.03621730382293763,86.4406779661017,4,4.0,0.0,16.0,116.25,,0.0,3.0,6.779661016949152,8.048289738430585,False,True,False
A-45ce7a,Enterprise,FinTech,ads,False,16,2024-12-31,2023-08-18,501,3184,39,424,124978,30,39,21,2024-12-24,2,0.07075471698113207,7.784431137724551,7,5.0,0.0,45.4,91.8,3.6666666666666665,3.0,0.0,0.998003992015968,11.79245283018868,False,False,False
A-08e34e,Basic,EdTech,event,False,14,2024-07-13,2024-07-01,12,2786,47,463,145753,22,46,31,2024-07-11,6,0.047516198704103674,391.66666666666663,2,2.0,0.0,30.5,92.5,3.0,1.0,0.0,16.666666666666664,4.319654427645789,True,True,False
A-8145a0,Basic,Cybersecurity,partner,True,2,2023-07-12,2023-08-07,1,285,12,143,49949,7,12,10,2023-07-09,2,0.04895104895104895,1200.0,3,2.0,0.0,14.5,64.0,5.0,1.0,0.0,200.0,13.986013986013987,False,True,False
A-bad8c1,Basic,FinTech,organic,False,7,2023-10-04,2023-06-12,114,1813,17,164,41948,5,17,16,2023-09-03,4,0.03048780487804878,14.912280701754385,31,0.0,0.0,,,,0.0,0.0,0.0,0.0,False,True,False
A-44dc83,Basic,EdTech,other,False,5,2024-11-29,2024-06-17,165,0,24,248,81119,13,24,16,2024-10-09,3,0.05241935483870968,14.545454545454545,51,7.0,0.0,40.857142857142854,76.14285714285714,4.6,5.0,4.0,4.242424242424243,28.225806451612904,False,True,False
A-f446b6,Pro,DevTools,ads,True,5,2024-12-31,2023-05-28,583,95,39,376,127515,31,39,27,2024-12-14,3,0.08244680851063829,6.689536878216123,17,8.0,1.0,30.75,82.5,4.25,4.0,6.0,1.3722126929674099,21.27659574468085,False,False,False
A-a45270,Enterprise,HealthTech,ads,False,3,2024-11-12,2024-07-12,123,0,67,694,210348,49,64,33,2024-11-02,4,0.07060518731988473,54.47154471544715,10,3.0,0.0,63.0,109.33333333333333,4.0,1.0,3.0,2.4390243902439024,4.322766570605188,False,True,False
A-854864,Enterprise,FinTech,event,False,20,2024-12-24,2024-12-09,15,980,24,248,73517,10,24,17,2024-12-15,4,0.04032258064516129,160.0,9,5.0,0.0,44.2,100.8,4.8,5.0,2.0,33.33333333333333,20.161290322580644,False,True,False
A-1b7577,Pro,Cybersecurity,other,False,4,2024-12-31,2024-10-28,64,2009,62,647,195598,33,58,33,2024-12-20,4,0.05100463678516229,96.875,11,5.0,0.0,27.2,109.4,4.0,4.0,3.0,7.8125,7.727975270479135,False,False,False
A-05f0e5,Basic,FinTech,partner,False,32,2024-01-14,2023-06-11,217,2842,34,349,94127,28,33,21,2024-01-01,4,0.08022922636103152,15.668202764976957,13,2.0,0.0,15.5,134.0,4.0,2.0,2.0,0.9216589861751152,5.730659025787966,False,True,False
A-9077b0,Basic,HealthTech,ads,False,2,2024-12-31,2024-08-26,127,0,45,479,144943,31,44,26,2024-11-18,5,0.06471816283924843,35.43307086614173,43,3.0,0.0,40.333333333333336,136.33333333333334,4.333333333333333,3.0,3.0,2.3622047244094486,6.263048016701462,False,False,True
A-7f8241,Pro,EdTech,organic,False,34,2024-12-31,2023-03-27,645,6766,77,734,227186,38,74,34,2024-12-21,5,0.051771117166212535,11.937984496124031,10,1.0,0.0,36.0,135.0,3.0,1.0,0.0,0.15503875968992248,1.3623978201634876,True,False,False
A-2bc93d,Basic,HealthTech,event,False,14,2023-08-10,2023-07-19,22,1715,18,176,53786,15,17,14,2023-07-27,2,0.08522727272727272,81.81818181818183,14,1.0,0.0,17.0,112.0,4.0,1.0,1.0,4.545454545454546,5.681818181818182,False,True,False
A-f3ff05,Enterprise,FinTech,other,False,2,2024-10-20,2024-08-01,80,570,64,648,202767,35,62,27,2024-10-19,3,0.05401234567901234,80.0,1,3.0,0.0,42.666666666666664,111.33333333333333,3.5,2.0,1.0,3.75,4.62962962962963,False,True,False
A-2d4502,Basic,FinTech,event,False,7,2024-05-07,2024-04-30,7,6766,36,374,103392,15,36,24,2024-04-25,6,0.040106951871657755,514.2857142857143,12,3.0,0.0,26.333333333333332,82.0,5.0,2.0,2.0,42.857142857142854,8.02139037433155,False,True,False
A-6a4e2d,Pro,EdTech,partner,False,9,2024-07-19,2023-05-29,417,686,47,481,139716,28,47,24,2024-07-17,3,0.058212058212058215,11.270983213429256,2,1.0,0.0,22.0,156.0,4.0,1.0,0.0,0.2398081534772182,2.079002079002079,False,True,True
A-eb7c38,Enterprise,DevTools,organic,False,5,2024-03-22,2024-04-11,1,627,39,386,124934,18,37,27,2024-03-14,3,0.046632124352331605,3900.0,8,3.0,0.0,23.666666666666668,45.0,4.0,1.0,2.0,300.0,7.772020725388601,False,True,False
A-c37601,Basic,EdTech,partner,True,6,2024-12-17,2024-11-01,46,10746,48,489,131835,21,47,28,2024-12-07,3,0.04294478527607362,104.34782608695652,10,4.0,0.0,42.25,83.0,3.6666666666666665,3.0,2.0,8.695652173913043,8.1799591002045,False,True,False
A-3b5cd1,Basic,FinTech,event,True,13,2024-01-21,2023-09-30,113,6368,24,233,86173,12,23,16,2024-01-16,2,0.05150214592274678,21.238938053097346,5,4.0,0.0,19.25,35.25,4.0,2.0,1.0,3.5398230088495577,17.167381974248926,False,True,False
A-b2225d,Basic,FinTech,ads,False,47,2024-03-31,2024-04-02,1,893,44,405,132356,42,44,29,2024-03-23,4,0.1037037037037037,4400.0,8,0.0,0.0,,,,0.0,0.0,0.0,0.0,True,True,False
A-94f8c9,Basic,HealthTech,other,False,13,2024-05-02,2024-04-05,27,2587,53,547,153830,42,50,31,2024-04-26,5,0.07678244972577697,196.2962962962963,6,2.0,0.0,45.5,117.0,5.0,2.0,1.0,7.4074074074074066,3.656307129798903,False,True,False
A-02fac6,Pro,FinTech,event,False,22,2024-08-21,2023-10-21,305,1078,41,401,130735,32,40,28,2024-08-15,4,0.0798004987531172,13.442622950819672,6,6.0,0.0,23.333333333333332,100.5,4.0,2.0,2.0,1.9672131147540985,14.962593516209475,False,True,False
A-c1dfe1,Pro,DevTools,ads,False,26,2023-09-21,2023-10-26,1,494,12,130,43978,8,12,10,2023-09-16,0,0.06153846153846154,1200.0,5,1.0,0.0,53.0,133.0,,0.0,0.0,100.0,7.6923076923076925,False,True,False
A-32728c,Pro,DevTools,event,False,20,2023-01-25,2023-04-04,1,798,3,30,7901,5,3,3,2023-01-16,1,0.16666666666666666,300.0,9,1.0,0.0,40.0,51.0,3.0,1.0,0.0,100.0,33.333333333333336,True,True,False
A-4c38bc,Basic,HealthTech,event,False,36,2024-12-31,2024-03-17,289,1764,81,818,271358,27,76,37,2024-12-29,10,0.03300733496332518,28.027681660899656,2,3.0,0.0,48.333333333333336,43.0,3.5,2.0,2.0,1.0380622837370241,3.667481662591687,True,False,True
A-1b707d,Enterprise,Cybersecurity,organic,False,1,2023-07-21,2023-11-14,1,0,15,146,39027,5,14,12,2023-07-09,0,0.03424657534246575,1500.0,12,0.0,0.0,,,,0.0,0.0,0.0,0.0,False,True,False
A-6f8ad2,Basic,EdTech,organic,False,1,2024-12-31,2024-07-22,162,779,88,924,261489,59,87,38,2024-12-31,13,0.06385281385281386,54.32098765432099,0,4.0,0.0,35.25,37.25,4.333333333333333,3.0,2.0,2.4691358024691357,4.329004329004329,False,False,False
A-4d1e75,Basic,DevTools,other,False,20,2024-09-05,2024-09-07,1,0,40,382,120409,22,37,23,2024-07-27,3,0.05759162303664921,4000.0,40,2.0,0.0,15.0,98.5,4.0,2.0,0.0,200.0,5.235602094240838,False,True,False
A-9ee962,Basic,HealthTech,ads,False,9,2024-10-03,2023-06-23,468,171,37,416,113156,17,36,25,2024-09-24,2,0.040865384615384616,7.905982905982905,9,3.0,0.0,37.0,69.66666666666667,4.0,1.0,1.0,0.641025641025641,7.211538461538462,True,True,False
A-378b99,Pro,EdTech,ads,True,8,2024-10-12,2024-09-10,32,784,51,491,158796,37,48,31,2024-10-07,2,0.07535641547861507,159.375,5,6.0,0.0,28.5,78.83333333333333,4.5,4.0,1.0,18.75,12.219959266802444,False,True,False
A-94d3da,Basic,HealthTech,other,False,41,2024-04-12,2023-06-03,314,779,38,359,116405,21,36,24,2024-04-12,4,0.0584958217270195,12.101910828025478,0,2.0,0.0,35.0,99.5,3.0,1.0,2.0,0.6369426751592357,5.571030640668524,False,True,False
A-e351e1,Enterprise,EdTech,other,False,33,2024-10-24,2024-09-27,27,627,25,250,82672,20,23,17,2024-10-16,3,0.08,92.5925925925926,8,3.0,0.0,21.0,53.666666666666664,4.0,3.0,1.0,11.11111111111111,12.0,False,True,True
A-9badbd,Enterprise,Cybersecurity,ads,True,5,2024-12-31,2024-06-29,185,11741,69,723,218204,44,68,33,2024-12-25,8,0.06085753803596127,37.2972972972973,6,5.0,0.0,30.2,102.6,5.0,2.0,3.0,2.7027027027027026,6.915629322268326,False,False,True
A-7e0a10,Enterprise,FinTech,ads,False,46,2024-09-26,2023-11-29,302,13930,42,431,153198,34,42,29,2024-09-11,5,0.07888631090487239,13.90728476821192,15,4.0,0.0,37.75,67.5,4.0,2.0,4.0,1.3245033112582782,9.280742459396752,False,True,False
A-118d55,Basic,Cybersecurity,organic,False,8,2024-11-25,2024-10-26,30,5771,56,563,161401,32,51,28,2024-11-13,4,0.056838365896980464,186.66666666666666,12,3.0,0.0,20.0,43.333333333333336,4.5,2.0,1.0,10.0,5.328596802841918,False,True,True
A-526d93,Basic,HealthTech,organic,False,43,2024-07-10,2024-04-19,82,8557,42,406,123733,39,41,23,2024-07-03,3,0.0960591133004926,51.21951219512195,7,4.0,1.0,50.75,129.0,3.5,2.0,3.0,4.878048780487805,9.852216748768473,False,True,True
A-f92792,Pro,FinTech,ads,False,1,2024-11-03,2024-07-07,119,361,49,484,141501,28,46,31,2024-10-25,5,0.05785123966942149,41.17647058823529,9,1.0,0.0,70.0,80.0,4.0,1.0,0.0,0.8403361344537815,2.066115702479339,False,True,False
A-84ebe4,Pro,FinTech,ads,True,18,2024-01-05,2023-05-10,240,7164,17,155,40358,13,15,14,2023-11-19,2,0.08387096774193549,7.083333333333333,47,2.0,0.0,39.0,130.0,4.0,1.0,1.0,0.8333333333333334,12.903225806451612,True,True,False
A-5b4ebb,Basic,Cybersecurity,other,True,21,2024-12-31,2024-07-11,173,1470,70,692,196300,25,67,34,2024-12-25,6,0.036127167630057806,40.46242774566474,6,5.0,0.0,35.4,63.0,4.75,4.0,0.0,2.8901734104046244,7.22543352601156,True,False,False
A-2922b6,Basic,HealthTech,organic,False,15,2024-12-25,2024-12-05,20,980,37,393,117237,13,36,27,2024-12-18,2,0.03307888040712468,185.0,7,2.0,0.0,15.5,103.0,4.0,1.0,2.0,10.0,5.089058524173028,False,True,False
A-9b9fe9,Basic,EdTech,other,False,5,2023-12-27,2023-10-16,72,9950,23,241,99176,6,22,19,2023-12-21,2,0.024896265560165973,31.944444444444443,6,2.0,0.0,46.5,170.5,4.5,2.0,0.0,2.7777777777777777,8.298755186721992,False,True,False
A-a8b49c,Basic,Cybersecurity,partner,False,7,2024-06-17,2023-10-14,247,343,42,409,141447,37,42,25,2024-06-15,1,0.09046454767726161,17.00404858299595,2,1.0,0.0,72.0,105.0,4.0,1.0,0.0,0.4048582995951417,2.444987775061125,False,True,False
A-9174e0,Basic,Cybersecurity,partner,False,37,2024-12-31,2024-12-06,25,7363,69,689,206138,61,66,34,2024-12-29,6,0.08853410740203194,276.0,2,2.0,0.0,39.0,167.0,5.0,1.0,1.0,8.0,2.9027576197387517,False,False,False
A-a1bbb6,Basic,DevTools,organic,False,1,2024-12-31,2023-04-17,624,0,37,366,118465,20,36,23,2024-12-30,7,0.0546448087431694,5.929487179487179,1,3.0,0.0,17.666666666666668,120.66666666666667,4.0,1.0,3.0,0.4807692307692308,8.196721311475411,False,False,False
A-c45b23,Basic,FinTech,partner,False,5,2024-03-24,2023-12-29,86,5174,39,379,121194,22,39,25,2024-03-22,7,0.05804749340369393,45.348837209302324,2,0.0,0.0,,,,0.0,0.0,0.0,0.0,False,True,True
A-02cd81,Basic,HealthTech,other,False,44,2024-04-30,2024-03-28,33,2156,46,448,146732,17,44,25,2024-04-24,4,0.03794642857142857,139.3939393939394,6,2.0,0.0,21.5,77.5,5.0,1.0,1.0,6.0606060606060606,4.464285714285714,False,True,False
A-ee42db,Enterprise,EdTech,ads,False,13,2023-06-23,2023-05-01,53,570,13,120,33720,9,12,11,2023-06-05,0,0.075,24.528301886792452,18,2.0,0.0,35.5,154.0,,0.0,2.0,3.7735849056603774,16.666666666666668,False,True,False
A-432483,Pro,Cybersecurity,ads,False,4,2024-12-31,2023-04-02,639,1519,45,451,151460,28,43,25,2024-12-12,4,0.06208425720620843,7.042253521126761,19,1.0,0.0,51.0,128.0,,0.0,1.0,0.1564945226917058,2.2172949002217295,False,False,False
A-9208f0,Pro,EdTech,organic,False,1,2023-11-18,2023-05-15,187,0,17,159,43282,4,17,12,2023-11-17,4,0.025157232704402517,9.090909090909092,1,7.0,1.0,37.57142857142857,60.142857142857146,3.5,2.0,1.0,3.7433155080213902,44.0251572327044,True,True,False
A-98a59a,Enterprise,FinTech,partner,False,56,2024-09-11,2023-09-02,375,2744,40,405,106806,21,39,27,2024-08-10,7,0.05185185185185185,10.666666666666668,32,2.0,0.0,42.5,58.0,5.0,1.0,1.0,0.5333333333333333,4.938271604938271,False,True,False
A-fe79a5,Basic,HealthTech,ads,True,9,2024-12-31,2024-03-02,304,1791,33,335,96672,17,33,22,2024-12-08,2,0.050746268656716415,10.855263157894738,23,4.0,0.0,28.5,61.0,5.0,2.0,2.0,1.3157894736842104,11.940298507462687,False,False,False
A-726cfa,Pro,DevTools,partner,False,11,2024-08-08,2023-07-15,390,7562,79,808,227996,38,71,37,2024-08-05,13,0.04702970297029703,20.256410256410255,3,3.0,0.0,35.666666666666664,128.33333333333334,4.0,2.0,2.0,0.7692307692307693,3.7128712871287126,False,True,False
A-c43359,Pro,FinTech,organic,False,38,2024-12-12,2024-11-18,24,722,44,432,135559,30,44,27,2024-12-06,4,0.06944444444444445,183.33333333333331,6,3.0,0.0,26.666666666666668,107.33333333333333,4.0,1.0,3.0,12.5,6.944444444444444,False,True,False
A-271f46,Pro,DevTools,event,False,38,2023-03-04,2023-03-29,1,9154,2,24,4593,2,2,2,2023-03-03,0,0.08333333333333333,200.0,1,1.0,0.0,36.0,79.0,,0.0,0.0,100.0,41.666666666666664,True,True,False
A-157070,Pro,FinTech,ads,False,16,2024-01-06,2023-12-12,25,722,31,295,84142,10,30,23,2023-12-11,6,0.03389830508474576,124.0,26,2.0,1.0,33.5,89.0,,0.0,1.0,8.0,6.779661016949152,False,True,True
A-40a557,Pro,Cybersecurity,partner,True,16,2023-12-08,2024-01-11,1,3184,17,174,54804,6,17,15,2023-11-28,2,0.034482758620689655,1700.0,10,2.0,0.0,25.0,144.5,3.0,1.0,0.0,200.0,11.494252873563218,False,True,False
A-66224b,Pro,HealthTech,other,True,92,2024-12-31,2024-10-20,72,0,61,626,185229,29,59,34,2024-12-04,10,0.0463258785942492,84.72222222222221,27,6.0,0.0,39.833333333333336,82.5,3.5,6.0,3.0,8.333333333333332,9.584664536741213,False,False,False
A-91e948,Basic,EdTech,partner,False,41,2024-12-31,2023-08-14,505,8159,40,404,115260,16,40,23,2024-12-26,0,0.039603960396039604,7.920792079207921,5,0.0,0.0,,,,0.0,0.0,0.0,0.0,False,False,False
A-104f1a,Pro,Cybersecurity,other,False,24,2024-09-06,2024-09-02,4,646,37,373,129419,18,36,25,2024-08-25,2,0.04825737265415549,925.0,12,4.0,1.0,38.5,53.75,3.75,4.0,1.0,100.0,10.723860589812332,False,True,False
A-7988d1,Basic,Cybersecurity,other,False,33,2024-01-06,2024-03-12,1,0,20,213,58264,9,19,17,2024-01-01,3,0.04225352112676056,2000.0,5,1.0,0.0,52.0,61.0,5.0,1.0,1.0,100.0,4.694835680751174,False,True,False
A-faa28c,Enterprise,HealthTech,organic,False,48,2024-05-24,2024-02-05,109,2352,44,432,123873,14,42,25,2024-05-12,4,0.032407407407407406,40.36697247706422,12,2.0,0.0,57.0,80.5,4.5,2.0,1.0,1.834862385321101,4.62962962962963,False,True,False
A-f25509,Enterprise,EdTech,other,False,32,2024-05-17,2024-05-28,1,1083,16,147,46317,10,14,14,2024-03-25,2,0.06802721088435375,1600.0,53,5.0,0.0,41.4,125.6,4.666666666666667,3.0,3.0,500.0,34.013605442176875,False,True,False
A-3a7284,Enterprise,FinTech,organic,False,31,2024-12-26,2024-11-28,28,1519,60,609,191562,30,59,33,2024-12-22,9,0.04926108374384237,214.28571428571428,4,3.0,0.0,56.333333333333336,104.33333333333333,3.5,2.0,3.0,10.714285714285714,4.926108374384237,False,True,False
A-3a5ad8,Enterprise,HealthTech,organic,True,9,2024-12-31,2023-12-18,379,0,52,506,127878,23,51,27,2024-12-15,7,0.045454545454545456,13.720316622691293,16,4.0,0.0,44.75,53.5,4.5,2.0,4.0,1.0554089709762533,7.905138339920948,False,False,False
A-65a46c,Pro,HealthTech,event,False,1,2024-12-31,2024-03-05,301,1715,38,370,115219,21,36,24,2024-12-26,7,0.05675675675675676,12.624584717607974,5,8.0,0.0,45.125,91.125,4.0,5.0,6.0,2.6578073089700998,21.62162162162162,False,False,False
A-8b25f2,Pro,Cybersecurity,ads,False,6,2024-12-31,2024-02-19,316,2587,54,565,159394,20,52,29,2024-12-27,6,0.035398230088495575,17.088607594936708,4,2.0,0.0,35.5,50.5,4.0,2.0,0.0,0.6329113924050633,3.5398230088495577,True,False,False
A-fabe19,Enterprise,DevTools,ads,False,1,2024-12-31,2024-11-23,38,0,33,337,112966,16,32,20,2024-12-25,1,0.04747774480712166,86.8421052631579,6,3.0,0.0,40.666666666666664,38.333333333333336,4.0,1.0,3.0,7.894736842105263,8.902077151335313,False,False,False
A-adc1f3,Pro,Cybersecurity,organic,False,2,2024-12-31,2024-08-10,143,995,36,334,120133,26,36,24,2024-12-22,5,0.07784431137724551,25.174825174825177,9,3.0,0.0,47.333333333333336,65.0,3.5,2.0,2.0,2.097902097902098,8.982035928143713,False,False,False
A-503d5a,Enterprise,FinTech,other,False,4,2024-12-31,2023-10-21,437,11144,59,605,211565,32,57,34,2024-12-15,6,0.05289256198347107,13.501144164759726,16,9.0,0.0,36.55555555555556,81.77777777777777,4.0,3.0,4.0,2.059496567505721,14.87603305785124,True,False,False
A-fd7ad3,Enterprise,Cybersecurity,event,False,1,2024-11-12,2024-11-02,10,551,52,530,162553,39,49,29,2024-10-21,8,0.07358490566037736,520.0,22,8.0,1.0,48.75,98.125,4.166666666666667,6.0,4.0,80.0,15.09433962264151,False,True,False
A-186a44,Enterprise,HealthTech,ads,False,20,2024-12-31,2023-08-23,496,380,61,614,205539,25,57,30,2024-11-27,7,0.04071661237785016,12.298387096774194,34,7.0,0.0,38.285714285714285,110.42857142857143,3.5,4.0,5.0,1.411290322580645,11.400651465798045,False,False,True
A-e888d1,Pro,Cybersecurity,other,False,14,2023-06-06,2023-05-11,26,833,13,158,41797,10,13,12,2023-06-04,3,0.06329113924050633,50.0,2,0.0,0.0,,,,0.0,0.0,0.0,0.0,False,True,False
A-69fad4,Basic,FinTech,ads,False,6,2024-06-17,2023-07-24,329,0,29,302,92772,18,27,18,2024-06-13,3,0.059602649006622516,8.814589665653495,4,2.0,0.0,62.5,140.5,4.0,1.0,0.0,0.60790273556231,6.622516556291391,True,True,False
A-9289f6,Enterprise,EdTech,event,False,1,2023-08-24,2023-07-04,51,1225,30,284,86023,15,28,21,2023-08-22,2,0.0528169014084507,58.82352941176471,2,2.0,0.0,42.5,107.0,5.0,1.0,0.0,3.9215686274509802,7.042253521126761,False,True,False
A-f19409,Basic,DevTools,other,False,23,2023-03-26,2023-04-22,1,665,3,28,10461,1,3,3,2023-03-12,0,0.03571428571428571,300.0,14,1.0,0.0,5.0,175.0,,0.0,0.0,100.0,35.714285714285715,True,True,False
A-22f2df,Basic,DevTools,ads,False,3,2024-12-31,2024-12-16,15,209,42,429,119127,17,40,25,2024-12-09,5,0.039627039627039624,280.0,22,5.0,0.0,44.8,71.6,5.0,1.0,5.0,33.33333333333333,11.655011655011656,False,False,False
A-039727,Pro,EdTech,organic,False,25,2024-12-22,2024-11-07,45,4975,74,768,249545,32,69,33,2024-12-22,3,0.041666666666666664,164.44444444444443,0,0.0,0.0,,,,0.0,0.0,0.0,0.0,False,True,True
A-2e3bad,Pro,FinTech,other,False,61,2024-03-30,2023-08-19,224,1159,34,335,96445,18,32,21,2024-03-22,5,0.05373134328358209,15.178571428571427,8,4.0,0.0,34.75,106.25,3.5,2.0,2.0,1.7857142857142856,11.940298507462687,False,True,True
A-484819,Pro,HealthTech,organic,False,18,2023-06-29,2023-02-23,126,3582,13,130,43632,9,13,10,2023-05-18,0,0.06923076923076923,10.317460317460316,42,1.0,0.0,19.0,78.0,5.0,1.0,1.0,0.7936507936507936,7.6923076923076925,False,True,False
A-425e76,Enterprise,DevTools,other,False,8,2023-08-10,2023-06-21,50,1791,17,155,39394,7,16,12,2023-08-09,3,0.04516129032258064,34.0,1,1.0,1.0,16.0,162.0,4.0,1.0,1.0,2.0,6.451612903225806,True,True,False
A-e83938,Pro,DevTools,other,True,2,2024-02-19,2024-02-08,11,1026,19,164,49423,10,19,15,2024-02-15,2,0.06097560975609756,172.72727272727272,4,2.0,0.0,40.0,33.5,,0.0,0.0,18.181818181818183,12.195121951219512,True,True,False
A-ad296b,Pro,DevTools,event,False,38,2024-12-31,2024-07-23,161,1862,31,294,103805,12,30,24,2024-12-14,2,0.04081632653061224,19.25465838509317,17,3.0,1.0,28.333333333333332,83.33333333333333,3.6666666666666665,3.0,2.0,1.8633540372670807,10.204081632653061,False,False,False
A-e51ec7,Enterprise,FinTech,partner,False,2,2024-01-15,2023-11-27,49,1990,22,234,63147,12,21,17,2024-01-03,3,0.05128205128205128,44.89795918367347,12,2.0,0.0,33.0,96.5,,0.0,0.0,4.081632653061225,8.547008547008549,False,True,False
A-0aaf6e,Enterprise,FinTech,organic,False,3,2024-12-31,2024-06-16,198,3582,57,599,172442,39,55,25,2024-12-23,6,0.0651085141903172,28.78787878787879,8,5.0,0.0,45.0,75.4,4.0,2.0,1.0,2.525252525252525,8.347245409015025,False,False,False
A-e61e98,Enterprise,FinTech,partner,False,19,2024-10-19,2023-11-05,349,6766,53,509,128916,22,50,31,2024-09-20,7,0.043222003929273084,15.18624641833811,29,5.0,1.0,35.4,71.2,4.6,5.0,2.0,1.4326647564469914,9.823182711198427,True,True,False
A-92a333,Enterprise,FinTech,event,False,9,2024-12-31,2023-08-04,515,171,36,364,103645,30,36,22,2024-12-20,2,0.08241758241758242,6.990291262135923,11,4.0,1.0,23.25,58.25,,0.0,1.0,0.7766990291262136,10.989010989010989,False,False,False
A-95b24a,Pro,FinTech,event,False,38,2024-12-31,2023-07-14,536,0,62,611,188856,34,59,32,2024-12-31,8,0.05564648117839607,11.567164179104477,0,5.0,0.0,21.2,90.4,4.25,4.0,4.0,0.9328358208955223,8.183306055646481,True,False,False
A-42e5e1,Pro,DevTools,ads,False,1,2024-10-04,2024-07-21,75,490,35,353,99992,32,33,22,2024-10-02,2,0.0906515580736544,46.666666666666664,2,3.0,0.0,29.0,81.33333333333333,4.0,3.0,2.0,4.0,8.4985835694051,True,True,False
A-7d514c,Enterprise,HealthTech,organic,False,17,2024-12-31,2024-02-13,322,3383,48,502,146707,30,47,30,2024-12-11,7,0.05976095617529881,14.906832298136646,20,3.0,0.0,33.333333333333336,49.666666666666664,5.0,1.0,2.0,0.9316770186335404,5.9760956175298805,False,False,False
A-65aeb5,Pro,DevTools,partner,False,9,2024-02-27,2024-02-02,25,171,28,242,67185,17,27,20,2024-02-23,1,0.07024793388429752,112.00000000000001,4,2.0,0.0,42.5,159.5,5.0,1.0,1.0,8.0,8.264462809917356,False,True,True
A-e2cd1b,Enterprise,DevTools,other,False,15,2024-12-31,2024-02-22,313,3184,49,465,138043,18,48,29,2024-12-25,7,0.03870967741935484,15.654952076677317,6,5.0,0.0,37.8,76.0,4.0,4.0,3.0,1.5974440894568689,10.752688172043012,False,False,False
A-180abf,Pro,DevTools,event,False,64,2023-12-04,2023-09-16,79,3136,22,239,67153,8,21,20,2023-11-18,2,0.03347280334728033,27.848101265822784,16,1.0,0.0,65.0,138.0,,0.0,0.0,1.2658227848101267,4.184100418410042,True,True,False
A-f17767,Enterprise,DevTools,event,True,1,2023-05-03,2023-02-15,77,735,12,107,34936,14,12,11,2023-04-24,0,0.1308411214953271,15.584415584415584,9,1.0,1.0,61.0,88.0,,0.0,1.0,1.2987012987012987,9.345794392523365,True,True,False
A-5a184f,Enterprise,DevTools,other,False,1,2023-07-23,2023-08-31,1,684,15,153,45004,3,14,13,2023-06-04,2,0.0196078431372549,1500.0,49,1.0,0.0,4.0,56.0,5.0,1.0,0.0,100.0,6.5359477124183005,True,True,True
A-7df7a7,Basic,DevTools,organic,False,7,2024-07-10,2023-02-05,521,5970,65,677,184184,25,64,33,2024-07-06,9,0.03692762186115214,12.476007677543185,4,3.0,1.0,28.0,93.0,4.0,3.0,3.0,0.5758157389635317,4.431314623338257,True,True,False
A-1ac5e0,Basic,DevTools,event,False,33,2024-12-31,2024-10-24,68,0,56,558,167904,31,52,31,2024-12-11,7,0.05555555555555555,82.35294117647058,20,7.0,0.0,40.42857142857143,76.0,3.8,5.0,4.0,10.294117647058822,12.544802867383513,True,False,False
A-52dd88,Pro,Cybersecurity,ads,False,23,2024-12-31,2023-03-26,646,1470,50,516,180823,33,49,28,2024-11-22,4,0.06395348837209303,7.739938080495357,39,1.0,0.0,72.0,111.0,,0.0,0.0,0.15479876160990713,1.937984496124031,False,False,False
A-bece89,Pro,Cybersecurity,event,False,26,2023-12-16,2024-01-18,1,1862,10,95,30379,4,10,8,2023-12-03,1,0.042105263157894736,1000.0,13,1.0,0.0,25.0,63.0,5.0,1.0,0.0,100.0,10.526315789473683,False,True,False
A-029f69,Basic,Cybersecurity,event,False,3,2024-06-17,2024-05-09,39,646,67,637,195826,29,63,36,2024-05-23,6,0.04552590266875981,171.7948717948718,25,2.0,0.0,42.0,108.0,3.0,1.0,1.0,5.128205128205128,3.1397174254317113,False,True,False
A-5c046d,Basic,EdTech,partner,False,93,2024-12-31,2024-07-23,161,18507,46,475,127926,23,44,27,2024-12-17,5,0.04842105263157895,28.57142857142857,14,1.0,0.0,13.0,128.0,3.0,1.0,0.0,0.6211180124223602,2.1052631578947367,False,False,False
A-fb186e,Basic,EdTech,organic,False,29,2024-12-31,2024-11-16,45,0,20,207,72170,7,19,15,2024-10-28,3,0.033816425120772944,44.44444444444444,64,6.0,0.0,26.166666666666668,81.0,3.6666666666666665,3.0,2.0,13.333333333333334,28.985507246376812,False,False,False
A-ae052e,Basic,FinTech,other,False,39,2023-10-07,2024-01-22,1,0,10,104,27201,4,10,10,2023-09-25,1,0.038461538461538464,1000.0,12,2.0,0.0,30.0,94.0,4.0,2.0,0.0,200.0,19.230769230769234,False,True,False
A-9f9299,Enterprise,FinTech,organic,True,28,2024-03-24,2023-11-24,121,1372,40,406,121767,23,37,27,2024-03-01,4,0.05665024630541872,33.057851239669425,23,2.0,0.0,37.0,153.0,,0.0,1.0,1.6528925619834711,4.926108374384237,False,True,False
A-96e141,Basic,DevTools,partner,False,14,2024-07-22,2023-10-14,282,4975,29,281,75933,17,29,23,2024-07-11,1,0.060498220640569395,10.28368794326241,11,5.0,0.0,32.8,68.4,4.333333333333333,3.0,3.0,1.773049645390071,17.793594306049823,False,True,False
A-117171,Basic,HealthTech,organic,False,45,2024-10-13,2024-10-02,11,2205,19,193,59091,11,19,15,2024-08-27,0,0.05699481865284974,172.72727272727272,47,5.0,1.0,29.2,63.0,3.5,2.0,2.0,45.45454545454545,25.906735751295336,True,True,True
A-313be3,Enterprise,EdTech,partner,True,47,2023-12-09,2023-11-25,14,2303,28,283,73322,21,27,20,2023-12-07,1,0.07420494699646643,200.0,2,3.0,0.0,17.0,60.0,,0.0,3.0,21.428571428571427,10.60070671378092,False,True,False
A-671f31,Basic,DevTools,ads,False,59,2024-12-31,2024-11-27,34,0,17,167,43449,16,17,13,2024-12-25,0,0.09580838323353294,50.0,6,7.0,0.0,33.0,78.0,4.2,5.0,5.0,20.588235294117645,41.91616766467065,False,False,False
A-bbc346,Enterprise,FinTech,partner,False,19,2024-10-31,2024-08-31,61,0,60,627,174079,37,58,34,2024-10-29,6,0.05901116427432217,98.36065573770492,2,3.0,0.0,45.333333333333336,102.66666666666667,4.5,2.0,1.0,4.918032786885246,4.784688995215311,False,True,False
A-c16101,Basic,EdTech,other,False,7,2024-11-13,2024-09-06,68,343,50,511,164890,26,48,30,2024-11-06,8,0.050880626223091974,73.52941176470588,7,3.0,0.0,26.0,86.0,5.0,1.0,3.0,4.411764705882353,5.870841487279844,False,True,False
A-50f3f7,Basic,HealthTech,partner,False,31,2024-12-31,2024-01-05,361,6169,72,685,206893,45,69,30,2024-12-28,7,0.06569343065693431,19.94459833795014,3,6.0,1.0,37.833333333333336,67.83333333333333,5.0,3.0,2.0,1.662049861495845,8.75912408759124,True,False,False
A-7da956,Pro,Cybersecurity,event,True,13,2024-12-31,2024-06-15,199,2985,51,543,150431,35,51,28,2024-12-22,4,0.06445672191528545,25.628140703517587,9,3.0,0.0,32.666666666666664,88.0,5.0,1.0,1.0,1.507537688442211,5.524861878453039,False,False,False
A-019782,Enterprise,DevTools,event,False,11,2024-12-31,2023-06-08,572,0,55,562,160848,30,55,28,2024-12-20,3,0.05338078291814947,9.615384615384617,11,2.0,0.0,10.0,107.0,3.0,1.0,2.0,0.34965034965034963,3.558718861209964,False,False,False
A-df10db,Enterprise,DevTools,other,True,2,2024-05-19,2023-08-25,268,2388,40,422,110561,19,39,26,2024-05-19,1,0.045023696682464455,14.925373134328357,0,1.0,1.0,68.0,46.0,3.0,1.0,0.0,0.3731343283582089,2.3696682464454977,False,True,False
A-3932db,Pro,HealthTech,other,True,19,2024-12-31,2023-12-10,387,0,46,434,134963,28,45,28,2024-12-21,4,0.06451612903225806,11.886304909560723,10,6.0,0.0,41.0,86.5,4.333333333333333,3.0,3.0,1.550387596899225,13.82488479262673,True,False,False
A-4f18f0,Pro,DevTools,other,True,24,2024-05-27,2024-04-25,32,456,48,462,139713,17,48,29,2024-05-26,4,0.0367965367965368,150.0,1,3.0,0.0,30.333333333333332,66.0,3.5,2.0,1.0,9.375,6.493506493506494,False,True,False
A-4c6f11,Pro,FinTech,organic,True,24,2024-06-29,2024-03-30,91,456,17,185,56057,3,17,15,2024-06-07,0,0.016216216216216217,18.681318681318682,22,3.0,0.0,44.666666666666664,63.0,4.333333333333333,3.0,3.0,3.296703296703297,16.216216216216218,True,True,False
A-8ae05d,Enterprise,FinTech,other,False,86,2024-08-30,2024-06-01,90,0,16,156,57491,7,16,14,2024-08-21,1,0.04487179487179487,17.77777777777778,9,1.0,0.0,47.0,48.0,4.0,1.0,1.0,1.1111111111111112,6.41025641025641,False,True,False
A-b78bf8,Pro,DevTools,event,False,33,2024-12-06,2024-11-17,19,1617,42,421,123802,11,38,24,2024-12-06,7,0.026128266033254157,221.0526315789474,0,4.0,0.0,18.0,87.5,4.5,4.0,2.0,21.052631578947366,9.501187648456057,False,True,False
A-eafc6e,Pro,DevTools,partner,False,27,2023-07-31,2023-08-08,1,0,11,103,33718,7,11,8,2023-07-06,1,0.06796116504854369,1100.0,25,1.0,0.0,64.0,136.0,,0.0,0.0,100.0,9.70873786407767,True,True,False
A-37f969,Enterprise,HealthTech,partner,False,30,2024-02-12,2023-10-24,111,5970,20,206,74557,12,19,18,2023-12-19,2,0.05825242718446602,18.01801801801802,55,4.0,1.0,26.5,112.75,3.6666666666666665,3.0,1.0,3.6036036036036037,19.41747572815534,False,True,False
A-10b8f2,Basic,HealthTech,organic,True,47,2024-06-04,2023-02-05,485,2352,36,368,118575,20,34,21,2024-04-02,3,0.05434782608695652,7.422680412371134,63,3.0,0.0,46.333333333333336,67.0,4.333333333333333,3.0,1.0,0.6185567010309279,8.152173913043478,False,True,False
A-439b2f,Enterprise,DevTools,ads,False,1,2024-08-02,2024-03-09,146,1274,18,153,45039,5,17,13,2024-08-02,2,0.032679738562091505,12.32876712328767,0,2.0,0.0,17.5,66.5,,0.0,1.0,1.36986301369863,13.071895424836601,True,True,False
A-544d0a,Basic,DevTools,organic,True,2,2024-12-31,2024-05-24,221,398,47,510,152826,22,45,27,2024-12-18,7,0.043137254901960784,21.266968325791854,13,2.0,1.0,38.5,98.0,4.0,2.0,1.0,0.904977375565611,3.9215686274509802,False,False,False
A-ba6516,Pro,FinTech,ads,False,27,2024-03-17,2024-01-10,67,5373,37,385,132803,23,36,20,2024-03-05,4,0.05974025974025974,55.223880597014926,12,3.0,0.0,33.0,73.66666666666667,4.0,2.0,0.0,4.477611940298507,7.792207792207792,False,True,False
A-712426,Enterprise,HealthTech,other,False,9,2024-11-21,2024-11-10,11,0,68,674,207963,30,66,32,2024-11-16,6,0.04451038575667656,618.1818181818181,5,5.0,0.0,38.4,86.4,4.5,4.0,2.0,45.45454545454545,7.4183976261127595,False,True,False
A-038089,Pro,DevTools,other,False,5,2024-10-21,2024-06-27,116,95,19,201,60847,15,18,14,2024-09-24,1,0.07462686567164178,16.379310344827587,27,6.0,0.0,30.166666666666668,86.16666666666667,3.6666666666666665,3.0,2.0,5.172413793103448,29.850746268656717,True,True,False
A-afa505,Basic,DevTools,partner,True,70,2024-03-02,2024-01-08,54,13930,30,299,104062,18,28,24,2024-02-28,6,0.06020066889632107,55.55555555555556,3,2.0,0.0,36.5,87.0,3.0,1.0,0.0,3.7037037037037033,6.688963210702341,False,True,False
A-d5a319,Enterprise,FinTech,other,False,15,2024-12-31,2023-06-27,553,2985,59,604,212655,43,57,32,2024-12-20,5,0.07119205298013245,10.669077757685352,11,1.0,1.0,17.0,132.0,4.0,1.0,0.0,0.18083182640144665,1.6556291390728477,True,False,False
A-f97b9a,Pro,FinTech,event,False,16,2024-12-31,2023-09-10,478,784,56,561,173241,33,52,29,2024-12-29,6,0.058823529411764705,11.715481171548117,2,7.0,0.0,31.714285714285715,69.85714285714286,3.6666666666666665,3.0,3.0,1.4644351464435146,12.477718360071302,False,False,False
A-2f6a32,Basic,HealthTech,organic,False,19,2024-12-31,2024-09-16,106,361,66,654,207283,46,61,32,2024-12-27,6,0.07033639143730887,62.264150943396224,4,2.0,0.0,41.0,72.0,3.5,2.0,0.0,1.8867924528301887,3.058103975535168,False,False,False
A-856b1e,Basic,FinTech,partner,False,19,2024-12-31,2023-11-02,425,0,23,230,63418,24,23,17,2024-12-07,4,0.10434782608695652,5.411764705882352,24,5.0,1.0,36.0,79.4,,0.0,0.0,1.1764705882352942,21.73913043478261,False,False,False
A-17939a,Basic,HealthTech,organic,False,1,2024-12-31,2024-12-26,5,266,47,440,121725,43,46,25,2024-12-04,5,0.09772727272727273,940.0,27,7.0,0.0,38.0,83.42857142857143,4.5,4.0,5.0,140.0,15.909090909090908,False,False,False
A-d27f50,Enterprise,Cybersecurity,ads,False,44,2024-12-31,2024-07-22,162,836,50,481,170101,31,48,29,2024-12-19,4,0.06444906444906445,30.864197530864196,12,4.0,0.0,37.5,116.5,3.75,4.0,2.0,2.4691358024691357,8.316008316008316,False,False,True
A-e36807,Pro,EdTech,other,False,6,2024-12-31,2024-06-01,213,1791,49,446,140849,27,48,27,2024-12-29,4,0.06053811659192825,23.004694835680752,2,2.0,0.0,41.0,152.0,4.5,2.0,1.0,0.9389671361502347,4.484304932735426,False,False,False
A-ff79f2,Basic,DevTools,ads,False,8,2024-12-31,2024-05-29,216,3781,41,393,133848,12,41,24,2024-11-22,4,0.030534351145038167,18.98148148148148,39,2.0,0.0,50.0,82.5,,0.0,0.0,0.9259259259259258,5.089058524173028,True,False,True
A-5b1bcd,Pro,DevTools,organic,False,73,2024-08-07,2023-09-23,319,3577,67,684,182521,36,61,31,2024-08-04,6,0.05263157894736842,21.003134796238246,3,2.0,0.0,62.5,106.5,4.0,1.0,1.0,0.6269592476489028,2.923976608187134,False,True,False
A-71615e,Basic,EdTech,organic,False,15,2024-07-16,2024-06-27,19,735,45,450,147804,25,43,26,2024-07-16,3,0.05555555555555555,236.84210526315786,0,1.0,0.0,49.0,77.0,,0.0,0.0,5.263157894736842,2.2222222222222223,False,True,False
A-794a0b,Basic,HealthTech,organic,False,23,2024-09-09,2023-08-07,399,6169,27,232,61083,27,26,22,2024-08-23,1,0.11637931034482758,6.7669172932330826,17,0.0,0.0,,,,0.0,0.0,0.0,0.0,False,True,False
A-86902e,Enterprise,HealthTech,other,False,34,2024-12-07,2023-07-21,505,6766,61,611,195525,36,57,31,2024-12-04,6,0.058919803600654665,12.07920792079208,3,9.0,0.0,40.888888888888886,71.44444444444444,3.5,4.0,4.0,1.782178217821782,14.729950900163667,False,True,False
A-0532a9,Pro,FinTech,event,False,19,2024-10-09,2024-09-26,13,931,46,436,136347,26,45,27,2024-10-02,7,0.05963302752293578,353.8461538461538,7,7.0,0.0,31.285714285714285,83.0,3.0,1.0,1.0,53.84615384615385,16.055045871559635,False,True,False
A-9779ad,Pro,Cybersecurity,event,True,40,2024-04-17,2024-04-07,10,7960,30,277,77783,16,30,21,2024-04-09,3,0.05776173285198556,300.0,8,1.0,0.0,9.0,96.0,,0.0,1.0,10.0,3.6101083032490977,True,True,False
A-f45426,Basic,HealthTech,organic,False,9,2024-08-05,2024-08-05,1,441,44,451,141155,40,42,28,2024-07-25,5,0.08869179600886919,4400.0,11,2.0,0.0,6.5,84.5,,0.0,1.0,200.0,4.434589800443459,False,True,False
A-c1e51e,Basic,FinTech,organic,False,3,2024-11-09,2024-10-20,20,779,47,495,145824,36,46,28,2024-10-10,7,0.07272727272727272,235.0,30,5.0,0.0,40.0,75.6,3.2,5.0,5.0,25.0,10.101010101010102,False,True,True
A-fa3095,Basic,FinTech,ads,False,70,2023-12-23,2023-09-18,96,1330,33,334,114441,26,31,24,2023-11-06,2,0.07784431137724551,34.375,47,2.0,0.0,59.0,115.0,5.0,1.0,2.0,2.083333333333333,5.9880239520958085,False,True,False
A-ad64c6,Pro,DevTools,event,False,12,2024-07-03,2024-03-07,118,5572,17,186,69709,16,16,14,2024-06-25,1,0.08602150537634409,14.40677966101695,8,2.0,0.0,36.0,31.0,5.0,1.0,1.0,1.694915254237288,10.752688172043012,False,True,False
A-39b19f,Enterprise,FinTech,partner,False,1,2023-03-11,2023-02-23,16,247,6,68,19178,2,5,6,2023-03-05,0,0.029411764705882353,37.5,6,0.0,0.0,,,,0.0,0.0,0.0,0.0,False,True,False
A-56962b,Enterprise,EdTech,partner,False,163,2024-07-27,2024-05-15,73,32437,22,196,59316,16,21,16,2024-07-04,3,0.08163265306122448,30.136986301369863,23,4.0,0.0,37.5,105.5,3.0,1.0,1.0,5.47945205479452,20.408163265306122,False,True,False
A-e60f9d,Basic,FinTech,other,False,29,2024-12-31,2024-09-17,105,722,62,629,158587,24,62,30,2024-10-29,5,0.03815580286168521,59.04761904761905,63,2.0,0.0,70.5,106.5,,0.0,2.0,1.9047619047619049,3.179650238473768,False,False,True
A-88c6ca,Basic,FinTech,ads,False,5,2024-12-31,2024-11-01,60,1127,43,446,130195,19,41,27,2024-12-27,8,0.042600896860986545,71.66666666666667,4,1.0,0.0,56.0,12.0,,0.0,1.0,1.6666666666666667,2.242152466367713,True,False,False
A-158f4e,Enterprise,FinTech,other,False,61,2023-03-05,2023-06-02,1,12139,4,42,13741,4,4,4,2023-02-11,0,0.09523809523809523,400.0,22,1.0,0.0,23.0,156.0,,0.0,1.0,100.0,23.809523809523807,False,True,False
A-5b051a,Enterprise,Cybersecurity,event,False,22,2024-12-31,2024-09-18,104,1078,16,171,44864,17,16,14,2024-12-07,3,0.09941520467836257,15.384615384615385,24,1.0,0.0,2.0,2.0,3.0,1.0,1.0,0.9615384615384616,5.847953216374268,False,False,False
A-296d7c,Enterprise,DevTools,other,False,2,2024-11-04,2024-01-30,279,294,32,349,123001,17,30,21,2024-10-20,6,0.04871060171919771,11.469534050179211,15,5.0,0.0,50.4,105.2,3.75,4.0,2.0,1.7921146953405016,14.326647564469916,False,True,False
A-1619f8,Pro,DevTools,organic,False,29,2024-06-03,2024-06-09,1,551,28,282,90099,21,27,20,2024-05-30,1,0.07446808510638298,2800.0,4,2.0,0.0,39.5,45.5,5.0,1.0,0.0,200.0,7.092198581560283,False,True,False
A-a1b80b,Basic,HealthTech,organic,False,16,2024-07-11,2024-03-11,122,0,52,521,164855,31,51,29,2024-07-10,3,0.05950095969289827,42.62295081967213,1,3.0,0.0,42.666666666666664,91.66666666666667,3.5,2.0,1.0,2.459016393442623,5.758157389635317,False,True,False
A-139c3b,Enterprise,HealthTech,organic,True,10,2024-12-31,2024-11-26,35,0,44,478,150601,16,44,27,2024-12-29,7,0.03347280334728033,125.71428571428571,2,9.0,0.0,28.444444444444443,66.11111111111111,4.5,4.0,4.0,25.71428571428571,18.82845188284519,True,False,False
A-702032,Pro,HealthTech,ads,False,28,2024-04-18,2024-04-24,1,1372,16,181,60381,12,15,14,2024-04-12,1,0.06629834254143646,1600.0,6,2.0,0.0,44.0,38.5,3.0,1.0,0.0,200.0,11.049723756906078,False,True,True
A-7a0d69,Enterprise,DevTools,ads,True,4,2024-07-09,2024-07-21,1,3184,38,366,114640,18,37,22,2024-06-30,3,0.04918032786885246,3800.0,9,2.0,0.0,29.0,52.5,5.0,1.0,2.0,200.0,5.46448087431694,True,True,False
A-22d9d2,Pro,DevTools,event,False,8,2024-10-17,2024-03-27,204,1568,66,678,213375,34,65,34,2024-10-11,5,0.05014749262536873,32.35294117647059,6,6.0,1.0,16.0,88.0,4.0,4.0,4.0,2.941176470588235,8.849557522123893,False,True,True
A-b9eed8,Basic,Cybersecurity,organic,False,11,2024-04-23,2024-03-16,38,342,39,391,105784,38,37,24,2024-04-11,6,0.09718670076726342,102.63157894736842,12,4.0,1.0,30.75,89.25,3.6666666666666665,3.0,1.0,10.526315789473683,10.230179028132993,False,True,False
A-dfbd31,Enterprise,DevTools,partner,False,14,2024-01-01,2023-12-10,22,266,26,300,84155,11,24,19,2023-12-17,2,0.03666666666666667,118.18181818181819,15,3.0,0.0,34.0,131.33333333333334,4.0,2.0,2.0,13.636363636363635,10.0,False,True,False
A-8e47ca,Pro,HealthTech,organic,False,19,2024-06-01,2024-02-27,95,4975,34,327,99480,32,32,23,2024-05-22,1,0.09785932721712538,35.78947368421053,10,5.0,1.0,33.4,80.6,4.0,2.0,3.0,5.263157894736842,15.290519877675841,False,True,True
A-4437e4,Enterprise,Cybersecurity,event,False,3,2024-06-21,2023-11-17,217,171,65,616,198000,30,64,35,2024-06-19,7,0.048701298701298704,29.953917050691242,2,3.0,2.0,50.333333333333336,90.33333333333333,3.0,1.0,2.0,1.3824884792626728,4.87012987012987,False,True,False
A-779e4e,Basic,HealthTech,organic,False,5,2024-12-31,2023-01-09,722,1862,44,393,111038,20,41,28,2024-12-20,6,0.05089058524173028,6.094182825484765,11,5.0,0.0,26.6,91.6,4.0,4.0,4.0,0.6925207756232686,12.72264631043257,False,False,False
A-53f4e3,Enterprise,Cybersecurity,event,False,13,2024-12-06,2024-06-17,172,1421,43,403,126010,45,41,28,2024-12-05,1,0.11166253101736973,25.0,1,5.0,0.0,28.6,99.0,4.0,3.0,5.0,2.9069767441860463,12.40694789081886,False,True,False
A-692f18,Basic,EdTech,other,True,5,2024-12-23,2024-03-29,269,5572,87,871,261911,55,83,36,2024-12-23,9,0.06314580941446613,32.342007434944236,0,2.0,0.0,37.5,120.0,5.0,1.0,1.0,0.7434944237918215,2.2962112514351323,True,True,True
A-13466a,Basic,DevTools,event,False,2,2023-11-18,2023-11-18,1,171,11,107,26990,6,11,10,2023-11-01,1,0.056074766355140186,1100.0,17,2.0,0.0,13.0,103.5,5.0,2.0,2.0,200.0,18.69158878504673,True,True,False
A-1986ca,Pro,HealthTech,ads,False,20,2024-12-31,2023-07-06,544,3980,37,362,102382,23,35,26,2024-11-23,5,0.06353591160220995,6.8014705882352935,38,7.0,0.0,36.57142857142857,106.57142857142857,3.4,5.0,5.0,1.2867647058823528,19.337016574585636,False,False,False
A-0cc442,Basic,EdTech,organic,False,45,2024-07-20,2024-07-27,1,8955,58,589,178441,29,55,32,2024-07-03,6,0.04923599320882852,5800.0,17,3.0,0.0,37.0,47.333333333333336,3.0,1.0,1.0,300.0,5.093378607809847,False,True,False
A-c608c8,Pro,DevTools,ads,False,3,2024-06-04,2023-06-30,340,1029,31,318,103355,23,30,23,2024-06-03,3,0.07232704402515723,9.117647058823529,1,1.0,0.0,60.0,39.0,3.0,1.0,0.0,0.29411764705882354,3.1446540880503147,True,True,False
A-3be56b,Pro,HealthTech,event,False,3,2024-01-10,2023-11-22,49,380,27,238,74591,13,27,21,2024-01-09,3,0.0546218487394958,55.10204081632652,1,3.0,0.0,33.666666666666664,78.33333333333333,3.3333333333333335,3.0,0.0,6.122448979591836,12.605042016806722,True,True,False
A-354f12,Pro,FinTech,ads,True,1,2024-09-19,2024-05-28,114,133,8,91,29304,2,8,7,2024-06-26,1,0.02197802197802198,7.017543859649122,85,2.0,0.0,56.5,137.5,,0.0,0.0,1.7543859649122806,21.978021978021978,False,True,False
A-68f37c,Basic,HealthTech,ads,False,4,2024-02-08,2023-07-24,199,796,35,325,107700,27,35,21,2024-01-20,3,0.08307692307692308,17.587939698492463,19,2.0,0.0,11.5,122.5,,0.0,1.0,1.0050251256281406,6.153846153846154,False,True,False
A-aa9511,Pro,DevTools,other,True,23,2023-10-17,2023-10-11,6,5970,24,252,75930,10,23,18,2023-10-10,2,0.03968253968253968,400.0,7,2.0,0.0,56.5,98.5,4.0,1.0,2.0,33.33333333333333,7.936507936507936,False,True,False
A-af0cd2,Enterprise,Cybersecurity,other,True,19,2023-10-26,2023-01-12,287,1083,30,294,109105,9,28,19,2023-10-26,3,0.030612244897959183,10.452961672473867,0,1.0,0.0,58.0,173.0,,0.0,0.0,0.34843205574912894,3.401360544217687,False,True,False
A-bd4513,Enterprise,DevTools,event,True,50,2024-12-07,2024-11-12,25,950,49,488,148781,34,44,27,2024-11-19,4,0.06967213114754098,196.0,18,2.0,0.0,58.0,82.0,4.5,2.0,0.0,8.0,4.0983606557377055,False,True,False
A-c222ab,Pro,Cybersecurity,other,False,32,2024-06-10,2024-08-24,1,1568,29,285,87990,19,29,20,2024-05-14,4,0.06666666666666667,2900.0,27,0.0,0.0,,,,0.0,0.0,0.0,0.0,True,True,False
A-34d880,Enterprise,Cybersecurity,ads,False,4,2024-12-20,2024-04-18,246,995,47,474,144424,40,47,29,2024-12-13,3,0.08438818565400844,19.10569105691057,7,5.0,0.0,52.2,90.8,3.0,5.0,1.0,2.0325203252032518,10.548523206751055,False,True,False
A-508199,Basic,FinTech,event,False,19,2024-12-31,2024-01-30,336,0,24,231,80389,15,23,16,2024-11-23,2,0.06493506493506493,7.142857142857142,38,3.0,0.0,50.666666666666664,67.33333333333333,3.0,1.0,1.0,0.8928571428571428,12.987012987012989,False,False,False
A-f03140,Pro,DevTools,event,True,27,2024-10-03,2023-12-11,297,0,50,518,168042,20,49,29,2024-09-25,4,0.03861003861003861,16.835016835016837,8,7.0,0.0,36.0,113.14285714285714,3.6666666666666665,3.0,3.0,2.356902356902357,13.513513513513514,False,True,False
A-410e86,Basic,FinTech,organic,False,24,2024-12-31,2024-11-16,45,4776,30,292,107443,21,29,22,2024-12-27,3,0.07191780821917808,66.66666666666666,4,5.0,0.0,42.6,110.0,3.5,2.0,1.0,11.11111111111111,17.123287671232877,False,False,False
A-fa2041,Pro,HealthTech,organic,True,15,2024-07-13,2024-06-11,32,0,49,441,133409,29,47,30,2024-07-10,5,0.06575963718820861,153.125,3,1.0,0.0,16.0,99.0,3.0,1.0,0.0,3.125,2.2675736961451247,False,True,False
A-de58ca,Enterprise,HealthTech,organic,False,15,2024-12-31,2023-04-20,621,7164,49,505,141942,33,47,28,2024-12-21,7,0.06534653465346535,7.890499194847021,10,5.0,0.0,30.6,115.0,3.3333333333333335,3.0,1.0,0.8051529790660225,9.900990099009901,False,False,False
A-05d3b3,Basic,DevTools,ads,True,9,2024-03-12,2023-07-12,244,3781,34,359,111543,13,34,22,2024-03-11,0,0.036211699164345405,13.934426229508196,1,3.0,0.0,23.666666666666668,43.0,4.0,1.0,1.0,1.2295081967213115,8.356545961002785,False,True,False
A-249769,Enterprise,Cybersecurity,event,False,4,2024-06-12,2024-06-08,4,133,43,439,113766,26,41,26,2024-05-22,2,0.05922551252847381,1075.0,21,0.0,0.0,,,,0.0,0.0,0.0,0.0,True,True,False
A-e43bf7,Pro,Cybersecurity,other,False,44,2023-06-24,2023-05-21,34,8756,14,125,39575,14,14,13,2023-06-13,0,0.112,41.17647058823529,11,0.0,0.0,,,,0.0,0.0,0.0,0.0,False,True,False
A-eb2fdc,Enterprise,DevTools,organic,False,31,2024-05-26,2024-02-24,92,589,37,363,120705,13,35,25,2024-04-26,2,0.03581267217630854,40.21739130434783,30,5.0,0.0,33.6,37.6,4.5,4.0,0.0,5.434782608695652,13.774104683195592,True,True,False
A-e1462e,Basic,FinTech,partner,False,15,2023-10-05,2023-04-03,185,285,12,126,40995,12,12,11,2023-08-26,0,0.09523809523809523,6.486486486486487,40,1.0,0.0,67.0,122.0,4.0,1.0,1.0,0.5405405405405406,7.936507936507936,False,True,False
A-cab532,Pro,DevTools,organic,True,11,2024-07-10,2023-04-21,446,1715,75,748,208476,35,70,34,2024-07-06,5,0.04679144385026738,16.81614349775785,4,1.0,0.0,32.0,175.0,4.0,1.0,0.0,0.2242152466367713,1.3368983957219251,False,True,False
A-9123ac,Pro,Cybersecurity,organic,False,9,2024-04-05,2023-10-25,163,3582,27,275,84998,20,27,22,2024-04-03,3,0.07272727272727272,16.56441717791411,2,2.0,0.0,53.0,48.5,4.5,2.0,1.0,1.2269938650306749,7.2727272727272725,False,True,False
A-6e08f3,Basic,Cybersecurity,event,False,8,2024-02-10,2023-07-25,200,247,28,273,84360,11,27,19,2024-02-01,4,0.040293040293040296,14.000000000000002,9,1.0,0.0,26.0,122.0,3.0,1.0,1.0,0.5,3.663003663003663,False,True,False
A-d922bf,Basic,HealthTech,ads,True,5,2024-12-06,2023-10-29,404,1791,39,405,130390,17,38,24,2024-12-04,3,0.04197530864197531,9.653465346534654,2,7.0,1.0,39.142857142857146,101.14285714285714,3.3333333333333335,3.0,2.0,1.7326732673267329,17.28395061728395,True,True,False
A-8ed5dd,Enterprise,EdTech,event,False,5,2024-10-30,2023-08-08,449,285,50,506,157232,43,47,28,2024-10-06,1,0.08498023715415019,11.1358574610245,24,5.0,0.0,33.2,96.8,4.0,3.0,3.0,1.1135857461024499,9.881422924901186,True,True,False
A-7c6b6b,Basic,FinTech,other,False,6,2024-12-09,2024-12-06,3,1127,35,311,82471,24,32,22,2024-12-07,5,0.07717041800643087,1166.6666666666665,2,5.0,0.0,52.2,82.4,4.333333333333333,3.0,2.0,166.66666666666669,16.07717041800643,False,True,False
A-3c1a3f,Pro,DevTools,event,False,1,2024-12-31,2023-08-31,488,133,51,497,172341,22,49,31,2024-12-20,5,0.04426559356136821,10.450819672131148,11,4.0,0.0,33.25,56.5,3.5,2.0,1.0,0.819672131147541,8.048289738430585,False,False,False
A-b48f73,Pro,EdTech,event,True,80,2024-12-31,2024-11-15,46,3920,44,412,118416,23,42,24,2024-11-25,3,0.055825242718446605,95.65217391304348,36,3.0,0.0,28.666666666666668,35.333333333333336,4.0,2.0,2.0,6.521739130434782,7.281553398058253,False,False,False
A-76fa4d,Pro,HealthTech,event,False,69,2024-11-26,2024-11-26,1,3381,34,342,120935,20,34,20,2024-11-22,4,0.05847953216374269,3400.0,4,4.0,0.0,27.0,103.0,4.666666666666667,3.0,2.0,400.0,11.695906432748536,False,True,False
A-b2af2e,Enterprise,Cybersecurity,event,False,5,2024-11-14,2024-08-26,80,1026,18,174,60214,11,18,14,2024-11-11,4,0.06321839080459771,22.5,3,2.0,0.0,39.5,95.0,4.0,2.0,0.0,2.5,11.494252873563218,False,True,False
A-9bfc9f,Pro,DevTools,ads,False,53,2024-12-31,2023-09-19,469,2940,37,376,109862,18,37,23,2024-12-08,4,0.047872340425531915,7.889125799573561,23,6.0,1.0,35.333333333333336,84.33333333333333,3.3333333333333335,3.0,3.0,1.279317697228145,15.957446808510637,False,False,False
A-4ae22a,Pro,EdTech,other,False,6,2024-07-20,2024-05-28,53,532,27,270,99537,27,25,21,2024-05-12,3,0.1,50.943396226415096,69,2.0,0.0,17.0,104.0,3.0,1.0,0.0,3.7735849056603774,7.407407407407407,True,True,False
A-fda07f,Basic,Cybersecurity,partner,False,7,2024-09-13,2024-08-24,20,266,57,596,194305,34,54,30,2024-09-12,4,0.05704697986577181,285.0,1,5.0,0.0,17.8,57.0,4.0,3.0,3.0,25.0,8.389261744966444,False,True,False
A-de24d5,Enterprise,DevTools,other,True,5,2024-12-31,2024-11-06,55,245,52,527,136636,28,51,29,2024-11-22,6,0.05313092979127135,94.54545454545455,39,7.0,0.0,43.142857142857146,103.42857142857143,3.0,2.0,3.0,12.727272727272727,13.282732447817837,False,False,False
A-977ca0,Basic,HealthTech,partner,False,6,2024-12-31,2023-02-20,680,686,85,893,242860,46,80,38,2024-12-24,13,0.051511758118701005,12.5,7,3.0,0.0,64.0,123.0,4.0,1.0,2.0,0.4411764705882353,3.3594624860022395,True,False,True
A-ab438f,Enterprise,Cybersecurity,ads,False,13,2024-12-02,2024-10-18,45,0,35,362,110724,12,35,25,2024-11-06,3,0.03314917127071823,77.77777777777779,26,2.0,0.0,33.5,112.5,3.5,2.0,2.0,4.444444444444445,5.524861878453039,True,True,False
A-e89151,Pro,FinTech,organic,True,8,2024-12-31,2023-11-14,413,8756,58,601,188786,29,54,30,2024-12-30,13,0.048252911813643926,14.043583535108958,1,2.0,0.0,41.5,48.5,5.0,1.0,0.0,0.48426150121065376,3.327787021630616,True,False,False
A-40906c,Basic,EdTech,ads,False,92,2024-12-31,2024-05-28,217,4508,63,685,210243,32,59,32,2024-12-03,7,0.04671532846715328,29.03225806451613,28,5.0,0.0,29.2,95.0,3.75,4.0,1.0,2.3041474654377883,7.299270072992701,False,False,False
A-81edc3,Basic,Cybersecurity,ads,False,5,2024-03-03,2023-11-07,117,995,41,400,114453,24,40,28,2024-02-22,4,0.06,35.04273504273504,10,2.0,0.0,49.0,65.5,3.0,1.0,2.0,1.7094017094017095,5.0,False,True,False
A-328bd0,Enterprise,HealthTech,partner,False,18,2024-12-31,2023-08-10,509,882,61,568,162210,49,59,30,2024-12-24,5,0.08626760563380281,11.984282907662083,7,5.0,0.0,46.0,68.2,3.6666666666666665,3.0,2.0,0.9823182711198428,8.802816901408452,False,False,False
A-b3fe05,Pro,Cybersecurity,partner,False,8,2024-12-31,2024-06-06,208,0,43,438,141962,18,43,29,2024-12-29,8,0.0410958904109589,20.673076923076923,2,4.0,0.0,48.25,94.25,3.0,2.0,4.0,1.9230769230769231,9.1324200913242,False,False,False
A-09540c,Basic,Cybersecurity,event,True,67,2024-03-05,2024-04-11,1,3283,17,171,55433,8,17,14,2024-02-15,2,0.04678362573099415,1700.0,19,2.0,0.0,28.0,89.0,4.5,2.0,1.0,200.0,11.695906432748536,False,True,False
A-e693b6,Enterprise,FinTech,event,False,55,2024-10-10,2023-08-01,436,10945,57,638,198603,23,54,28,2024-09-09,4,0.03605015673981191,13.073394495412844,31,1.0,0.0,1.0,144.0,3.0,1.0,1.0,0.22935779816513763,1.567398119122257,True,True,False
A-2446e3,Pro,EdTech,organic,False,27,2024-07-20,2024-01-21,181,5373,36,349,107670,24,33,26,2024-07-17,3,0.06876790830945559,19.88950276243094,3,2.0,0.0,39.0,83.0,4.0,2.0,1.0,1.1049723756906076,5.730659025787966,False,True,False
A-241e75,Enterprise,EdTech,partner,False,3,2024-10-11,2024-07-11,92,95,24,227,84164,20,23,16,2024-09-23,2,0.0881057268722467,26.08695652173913,18,4.0,0.0,31.5,101.0,4.5,2.0,1.0,4.3478260869565215,17.62114537444934,False,True,False
A-922109,Pro,Cybersecurity,ads,False,3,2024-08-03,2024-03-23,133,0,63,651,210907,30,59,31,2024-08-01,4,0.04608294930875576,47.368421052631575,2,3.0,0.0,25.333333333333332,127.0,3.0,1.0,1.0,2.2556390977443606,4.608294930875576,False,True,False
A-ff3c73,Pro,HealthTech,other,False,21,2023-12-09,2023-04-06,247,399,20,212,68904,11,18,19,2023-11-27,3,0.05188679245283019,8.097165991902834,12,2.0,0.0,35.5,97.5,3.5,2.0,1.0,0.8097165991902834,9.433962264150942,False,True,False
A-8b0451,Enterprise,FinTech,event,False,41,2024-12-29,2024-09-21,99,8159,59,599,176775,45,54,31,2024-12-14,5,0.07512520868113523,59.59595959595959,15,7.0,0.0,26.571428571428573,83.71428571428571,3.5,4.0,5.0,7.07070707070707,11.686143572621035,False,True,False
A-331424,Basic,DevTools,organic,False,11,2024-02-21,2024-01-04,48,0,10,109,40753,5,10,10,2024-01-30,1,0.045871559633027525,20.833333333333336,22,2.0,0.0,24.5,98.5,,0.0,0.0,4.166666666666666,18.34862385321101,False,True,False
A-51ec1b,Enterprise,DevTools,ads,False,7,2023-12-09,2024-02-10,1,3383,15,145,53939,5,15,11,2023-12-05,2,0.034482758620689655,1500.0,4,2.0,0.0,43.0,138.0,5.0,2.0,1.0,200.0,13.793103448275861,False,True,False
A-bcf664,Pro,DevTools,other,False,5,2024-08-08,2023-06-16,419,2303,42,440,137596,25,40,27,2024-08-05,5,0.056818181818181816,10.023866348448687,3,4.0,1.0,44.5,137.25,4.0,2.0,3.0,0.9546539379474941,9.09090909090909,False,True,False
A-90a8c8,Pro,FinTech,organic,False,15,2024-08-29,2024-08-25,4,2985,34,332,108782,14,32,20,2024-08-13,4,0.04216867469879518,850.0,16,4.0,0.0,45.0,29.5,3.25,4.0,2.0,100.0,12.048192771084338,False,True,False
A-86cdb4,Basic,DevTools,partner,False,2,2024-12-31,2024-10-06,86,323,49,492,167226,24,48,27,2024-12-08,6,0.04878048780487805,56.97674418604651,23,5.0,0.0,26.4,105.8,4.333333333333333,3.0,4.0,5.813953488372093,10.16260162601626,False,False,False
A-4bfa33,Basic,Cybersecurity,event,True,8,2024-12-08,2024-12-10,1,0,34,306,75055,15,32,21,2024-12-07,6,0.049019607843137254,3400.0,1,4.0,0.0,16.5,84.75,3.6666666666666665,3.0,3.0,400.0,13.071895424836601,False,True,False
A-dbc825,Enterprise,EdTech,partner,False,19,2024-01-14,2024-01-19,1,361,37,363,118093,36,34,22,2023-12-28,5,0.09917355371900827,3700.0,17,2.0,0.0,62.5,142.0,3.0,1.0,2.0,200.0,5.5096418732782375,False,True,False
A-c70870,Basic,Cybersecurity,partner,False,31,2024-12-13,2024-11-11,32,4606,30,301,98384,18,30,20,2024-11-16,3,0.059800664451827246,93.75,27,5.0,0.0,35.6,105.8,4.0,3.0,1.0,15.625,16.611295681063122,False,True,False
A-7c4956,Enterprise,DevTools,ads,False,5,2024-12-31,2023-06-05,575,513,45,475,129707,40,44,27,2024-12-26,6,0.08421052631578947,7.82608695652174,5,3.0,0.0,13.666666666666666,66.66666666666667,4.0,1.0,2.0,0.5217391304347827,6.315789473684211,True,False,False
A-0651a4,Pro,HealthTech,organic,False,16,2024-11-22,2024-10-27,26,12935,65,661,194646,35,63,33,2024-11-16,8,0.0529500756429652,250.0,6,4.0,0.0,29.25,48.5,4.0,2.0,4.0,15.384615384615385,6.051437216338881,False,True,False
A-3ce5b8,Basic,FinTech,ads,False,8,2024-09-18,2023-12-15,278,0,43,447,128161,23,43,27,2024-09-14,5,0.05145413870246085,15.467625899280577,4,8.0,0.0,38.5,105.875,4.0,5.0,5.0,2.877697841726619,17.89709172259508,True,True,False
A-bd4708,Pro,FinTech,ads,True,37,2024-12-31,2024-07-24,160,7363,64,653,201897,30,63,33,2024-12-30,7,0.045941807044410414,40.0,1,4.0,0.0,24.0,90.75,3.5,2.0,2.0,2.5,6.1255742725880555,False,False,False
A-993085,Basic,HealthTech,ads,True,31,2023-09-20,2023-08-05,46,8358,29,293,106747,28,26,21,2023-09-20,2,0.09556313993174062,63.04347826086957,0,0.0,0.0,,,,0.0,0.0,0.0,0.0,False,True,True
A-92a3af,Enterprise,Cybersecurity,organic,False,25,2024-12-31,2024-07-23,161,1225,67,714,218189,55,65,35,2024-12-18,8,0.07703081232492998,41.61490683229814,13,4.0,1.0,57.5,39.0,4.0,2.0,1.0,2.484472049689441,5.602240896358543,False,False,False
A-151c9a,Enterprise,FinTech,ads,False,23,2023-11-04,2023-05-08,180,2548,12,131,46442,2,12,12,2023-10-19,0,0.015267175572519083,6.666666666666667,16,0.0,0.0,,,,0.0,0.0,0.0,0.0,False,True,False
A-474ad4,Basic,EdTech,organic,False,8,2024-12-31,2023-12-04,393,4776,64,605,183355,45,57,34,2024-12-11,6,0.0743801652892562,16.28498727735369,20,3.0,1.0,33.0,50.666666666666664,5.0,1.0,1.0,0.7633587786259541,4.958677685950414,False,False,False
A-4ef964,Pro,HealthTech,organic,False,17,2024-06-19,2024-04-01,79,1372,29,276,86153,15,29,25,2024-05-27,4,0.05434782608695652,36.708860759493675,23,2.0,0.0,31.5,54.0,3.0,1.0,1.0,2.5316455696202533,7.246376811594203,False,True,False
A-fd9422,Pro,Cybersecurity,organic,False,58,2024-12-31,2024-05-08,237,2842,44,456,143313,21,43,27,2024-12-30,5,0.046052631578947366,18.565400843881857,1,6.0,1.0,44.333333333333336,116.83333333333333,3.5,6.0,3.0,2.5316455696202533,13.157894736842104,False,False,False
A-0baac2,Enterprise,FinTech,organic,False,14,2024-07-15,2024-06-02,43,2786,17,167,66382,8,17,16,2024-06-16,0,0.04790419161676647,39.53488372093023,29,5.0,0.0,44.2,76.0,4.0,2.0,3.0,11.627906976744185,29.940119760479043,True,True,True
A-bb1486,Basic,HealthTech,organic,False,41,2024-11-21,2024-11-13,8,3283,40,385,112040,35,39,24,2024-10-20,5,0.09090909090909091,500.0,32,3.0,0.0,11.0,78.0,3.0,1.0,2.0,37.5,7.792207792207792,False,True,False
A-560d27,Pro,DevTools,organic,False,23,2024-12-31,2024-05-31,214,0,59,587,185616,38,57,27,2024-10-28,6,0.06473594548551959,27.570093457943923,64,4.0,0.0,30.75,59.75,3.6666666666666665,3.0,0.0,1.8691588785046727,6.814310051107325,False,False,False
A-0b0d6d,Pro,DevTools,organic,False,3,2024-12-31,2024-12-30,1,1029,62,582,162411,48,61,32,2024-12-26,9,0.08247422680412371,6200.0,5,5.0,1.0,31.4,90.4,4.0,2.0,3.0,500.0,8.591065292096221,False,True,False
A-2789e3,Enterprise,FinTech,partner,False,11,2024-12-31,2024-09-18,104,0,65,680,205877,45,62,33,2024-12-31,6,0.0661764705882353,62.5,0,4.0,0.0,47.25,83.25,4.0,3.0,0.0,3.8461538461538463,5.88235294117647,False,False,False
A-b07346,Pro,HealthTech,partner,False,51,2024-11-12,2024-11-06,6,0,32,318,105215,22,32,22,2024-07-24,4,0.06918238993710692,533.3333333333333,111,3.0,0.0,42.333333333333336,76.66666666666667,3.5,2.0,2.0,50.0,9.433962264150942,True,True,False
A-902ef7,Enterprise,HealthTech,other,False,83,2024-09-26,2024-09-05,21,1577,36,369,133461,20,35,28,2024-09-23,4,0.05420054200542006,171.42857142857142,3,2.0,0.0,48.5,85.0,4.0,1.0,2.0,9.523809523809524,5.420054200542006,True,True,False
A-20736a,Enterprise,EdTech,organic,False,50,2024-03-19,2024-05-09,1,9950,27,298,67679,15,27,17,2024-03-13,3,0.050335570469798654,2700.0,6,1.0,0.0,25.0,11.0,3.0,1.0,1.0,100.0,3.3557046979865772,False,True,False
A-e4bf56,Pro,HealthTech,ads,False,17,2024-12-31,2024-11-17,44,4378,33,339,115488,10,33,25,2024-12-23,1,0.029498525073746312,75.0,8,8.0,0.0,29.125,111.5,3.6666666666666665,6.0,6.0,18.181818181818183,23.59882005899705,True,False,False
A-cea1f0,Pro,FinTech,event,False,8,2024-12-31,2024-06-01,213,1592,56,586,161188,28,54,28,2024-12-23,9,0.04778156996587031,26.291079812206576,8,5.0,0.0,42.2,107.4,4.333333333333333,3.0,3.0,2.3474178403755865,8.532423208191126,True,False,False
A-ef84cf,Enterprise,EdTech,partner,False,8,2024-08-14,2024-03-12,155,152,23,244,84662,8,23,18,2024-08-11,3,0.03278688524590164,14.838709677419354,3,3.0,0.0,32.0,110.66666666666667,4.0,1.0,1.0,1.935483870967742,12.295081967213115,False,True,False
A-d49cc5,Basic,Cybersecurity,event,False,50,2024-04-12,2024-02-13,59,950,32,330,98819,29,30,22,2024-03-22,4,0.08787878787878788,54.23728813559322,21,0.0,0.0,,,,0.0,0.0,0.0,0.0,False,True,False
A-67be94,Enterprise,EdTech,organic,False,26,2024-05-28,2023-08-29,273,1274,27,276,80130,10,26,21,2024-05-20,2,0.036231884057971016,9.89010989010989,8,3.0,0.0,38.333333333333336,74.0,5.0,1.0,3.0,1.098901098901099,10.869565217391305,False,True,False
A-4e960a,Enterprise,FinTech,other,True,12,2024-12-31,2024-02-07,328,228,49,512,153943,21,47,29,2024-12-28,5,0.041015625,14.939024390243901,3,6.0,0.0,29.166666666666668,83.16666666666667,4.0,3.0,3.0,1.8292682926829267,11.71875,True,False,False
A-c37cab,Pro,Cybersecurity,event,False,13,2024-10-27,2024-07-30,89,437,61,623,180483,27,59,32,2024-10-17,11,0.04333868378812199,68.53932584269663,10,4.0,1.0,33.0,101.25,3.75,4.0,2.0,4.49438202247191,6.420545746388443,False,True,False
A-533452,Pro,DevTools,organic,False,9,2024-11-17,2024-11-21,1,988,58,561,159388,41,58,31,2024-11-10,9,0.07308377896613191,5800.0,7,4.0,0.0,32.75,35.5,4.0,2.0,2.0,400.0,7.1301247771836005,False,True,False
A-443b7c,Enterprise,Cybersecurity,other,False,1,2024-12-31,2024-09-16,106,152,63,618,195039,29,59,28,2024-12-27,8,0.04692556634304207,59.43396226415094,4,8.0,0.0,29.25,49.0,4.4,5.0,6.0,7.547169811320755,12.944983818770227,True,False,False
A-1f7acb,Basic,FinTech,ads,True,64,2024-12-31,2023-09-01,487,12736,53,510,164068,47,53,26,2024-12-13,7,0.09215686274509804,10.882956878850102,18,7.0,0.0,41.714285714285715,129.57142857142858,4.4,5.0,4.0,1.4373716632443532,13.72549019607843,False,False,False
A-f51f16,Enterprise,HealthTech,partner,False,1,2024-07-07,2024-02-18,140,38,29,307,115691,19,29,21,2024-06-29,3,0.06188925081433225,20.714285714285715,8,3.0,0.0,19.666666666666668,64.0,3.0,2.0,2.0,2.142857142857143,9.771986970684038,False,True,False
A-5a3eb9,Enterprise,DevTools,other,True,18,2024-04-14,2023-09-20,207,882,47,518,157539,19,42,26,2024-04-04,6,0.03667953667953668,22.705314009661837,10,3.0,0.0,24.0,83.0,,0.0,2.0,1.4492753623188406,5.7915057915057915,False,True,True
A-5f2961,Basic,HealthTech,partner,False,4,2024-11-28,2024-11-27,1,304,36,348,103023,19,36,22,2024-11-04,2,0.05459770114942529,3600.0,24,1.0,0.0,53.0,19.0,,0.0,1.0,100.0,2.8735632183908044,False,True,False
A-417d2f,Pro,Cybersecurity,partner,True,4,2024-12-30,2023-07-04,545,1617,71,722,206401,31,71,37,2024-12-11,8,0.04293628808864266,13.027522935779817,19,6.0,0.0,43.5,80.5,4.333333333333333,3.0,4.0,1.1009174311926606,8.310249307479225,False,True,False
A-e98302,Enterprise,EdTech,ads,True,16,2024-12-31,2024-01-21,345,2842,30,273,88751,18,27,21,2024-12-12,3,0.06593406593406594,8.695652173913043,19,9.0,0.0,44.44444444444444,99.44444444444444,4.142857142857143,7.0,5.0,2.608695652173913,32.96703296703297,False,False,True
A-8bde0c,Basic,DevTools,organic,False,12,2024-11-28,2024-11-04,24,2388,79,767,239552,41,77,34,2024-11-21,6,0.05345501955671447,329.16666666666663,7,3.0,0.0,25.666666666666668,86.33333333333333,4.0,2.0,1.0,12.5,3.911342894393742,False,True,False
A-bcf87c,Pro,FinTech,event,False,10,2024-12-31,2024-07-22,162,3383,54,503,147590,19,53,26,2024-12-14,7,0.03777335984095427,33.33333333333333,17,2.0,0.0,63.0,49.5,4.0,2.0,0.0,1.2345679012345678,3.976143141153081,True,False,False
A-54ecc2,Enterprise,Cybersecurity,partner,False,4,2024-09-12,2023-08-16,393,5572,50,537,160992,36,48,27,2024-08-26,6,0.0670391061452514,12.72264631043257,17,4.0,0.0,32.5,85.0,5.0,1.0,2.0,1.0178117048346056,7.4487895716946,False,True,False
A-625d0b,Basic,EdTech,ads,False,9,2024-12-31,2024-09-25,97,1791,54,529,141489,38,54,32,2024-12-09,6,0.07183364839319471,55.670103092783506,22,5.0,0.0,48.4,72.4,3.0,1.0,3.0,5.154639175257731,9.45179584120983,False,False,False
A-fce879,Pro,EdTech,partner,True,10,2024-10-07,2024-09-28,9,399,24,251,84364,13,24,23,2024-09-13,1,0.05179282868525897,266.66666666666663,24,2.0,0.0,28.0,61.5,4.0,2.0,1.0,22.22222222222222,7.968127490039841,True,True,False
A-b07b56,Pro,DevTools,event,False,25,2024-12-24,2024-11-16,38,0,63,622,182899,39,59,32,2024-12-24,9,0.06270096463022508,165.78947368421052,0,4.0,0.0,31.25,93.75,3.0,1.0,4.0,10.526315789473683,6.430868167202572,True,True,False
A-6da850,Pro,FinTech,organic,False,5,2024-01-15,2023-10-08,99,114,45,454,116689,42,43,23,2024-01-14,2,0.09251101321585903,45.45454545454545,1,3.0,0.0,50.666666666666664,75.33333333333333,,0.0,2.0,3.0303030303030303,6.607929515418502,False,True,True
A-342303,Pro,EdTech,other,True,1,2024-03-20,2024-05-03,1,0,9,87,15971,1,9,8,2023-12-03,0,0.011494252873563218,900.0,108,3.0,0.0,29.333333333333332,71.33333333333333,4.5,2.0,2.0,300.0,34.48275862068965,False,True,False
A-e7a1e2,Enterprise,Cybersecurity,event,False,3,2024-09-08,2024-07-19,51,8756,57,587,195259,32,56,33,2024-08-23,3,0.054514480408858604,111.76470588235294,16,1.0,0.0,45.0,37.0,4.0,1.0,0.0,1.9607843137254901,1.7035775127768313,False,True,False
A-f1f639,Basic,EdTech,ads,False,2,2023-10-18,2023-07-03,107,1791,7,59,18039,6,6,6,2023-08-23,3,0.1016949152542373,6.5420560747663545,56,1.0,0.0,19.0,124.0,5.0,1.0,1.0,0.9345794392523363,16.949152542372882,False,True,False
A-a865bd,Pro,Cybersecurity,organic,False,38,2023-11-26,2024-01-17,1,2744,13,120,24956,8,12,12,2023-11-07,2,0.06666666666666667,1300.0,19,0.0,0.0,,,,0.0,0.0,0.0,0.0,False,True,False
A-4e631b,Enterprise,FinTech,other,False,22,2024-12-31,2024-03-18,288,418,49,502,154668,29,46,32,2024-12-19,4,0.05776892430278884,17.01388888888889,12,2.0,0.0,24.5,52.0,4.0,1.0,1.0,0.6944444444444444,3.9840637450199203,False,False,False
A-7f6b86,Basic,HealthTech,partner,True,45,2024-07-10,2023-08-30,315,855,32,335,119408,7,32,22,2024-07-06,1,0.020895522388059702,10.158730158730158,4,3.0,0.0,42.666666666666664,120.33333333333333,3.0,1.0,2.0,0.9523809523809524,8.955223880597016,True,True,False
A-8adedc,Basic,EdTech,event,True,4,2024-12-31,2024-02-22,313,3332,61,583,165997,33,60,32,2024-12-31,5,0.05660377358490566,19.488817891373802,0,4.0,0.0,49.25,56.75,4.0,1.0,1.0,1.2779552715654952,6.861063464837049,True,False,False
A-2edab2,Enterprise,HealthTech,event,False,17,2023-12-21,2023-11-22,29,833,20,208,69559,11,18,13,2023-11-25,3,0.052884615384615384,68.96551724137932,26,3.0,0.0,36.0,97.66666666666667,3.0,1.0,1.0,10.344827586206897,14.423076923076923,False,True,False
A-149a69,Basic,DevTools,event,False,34,2024-12-04,2024-12-05,1,646,18,208,59894,9,18,18,2024-08-17,1,0.04326923076923077,1800.0,109,8.0,0.0,33.875,120.875,4.2,5.0,5.0,800.0,38.46153846153847,False,True,False
A-a6d261,Pro,FinTech,other,False,9,2024-03-10,2023-12-13,88,247,40,388,120632,15,40,28,2024-03-09,5,0.03865979381443299,45.45454545454545,1,2.0,1.0,31.5,84.5,5.0,2.0,1.0,2.272727272727273,5.154639175257732,False,True,False
A-443f6f,Basic,Cybersecurity,organic,False,19,2024-12-31,2024-12-08,23,931,56,527,158149,28,56,31,2024-12-26,4,0.05313092979127135,243.47826086956525,5,4.0,0.0,28.0,122.25,4.666666666666667,3.0,2.0,17.391304347826086,7.590132827324478,False,False,False
A-202b67,Pro,HealthTech,organic,False,11,2024-03-30,2024-03-27,3,5771,25,245,60501,27,25,20,2024-02-05,2,0.11020408163265306,833.3333333333334,54,2.0,0.0,21.5,37.0,5.0,2.0,2.0,66.66666666666666,8.16326530612245,False,True,False
A-00bed1,Basic,Cybersecurity,ads,True,28,2024-01-03,2023-11-16,48,5572,23,236,55918,8,22,22,2023-12-20,1,0.03389830508474576,47.91666666666667,14,2.0,0.0,36.0,136.0,,0.0,2.0,4.166666666666666,8.474576271186441,False,True,False
A-ffc04f,Pro,EdTech,ads,False,13,2024-08-03,2024-06-08,56,247,66,660,218930,50,63,32,2024-08-03,5,0.07575757575757576,117.85714285714286,0,7.0,1.0,17.714285714285715,58.57142857142857,4.5,4.0,3.0,12.5,10.606060606060607,False,True,False
A-65c341,Pro,FinTech,ads,True,11,2024-03-07,2024-02-15,21,1911,26,286,106763,12,23,21,2024-03-03,3,0.04195804195804196,123.80952380952381,4,4.0,0.0,51.25,79.25,4.0,1.0,3.0,19.047619047619047,13.986013986013987,False,True,True
A-dcc2f0,Basic,FinTech,organic,False,15,2024-04-10,2023-10-02,191,608,50,550,138157,14,46,32,2024-04-04,5,0.025454545454545455,26.17801047120419,6,1.0,0.0,2.0,107.0,,0.0,0.0,0.5235602094240838,1.8181818181818181,False,True,False
A-ced9aa,Enterprise,DevTools,other,False,3,2024-12-31,2024-10-11,81,147,55,531,166970,39,52,33,2024-12-06,5,0.07344632768361582,67.90123456790124,25,7.0,0.0,28.857142857142858,102.85714285714286,3.0,1.0,2.0,8.641975308641975,13.182674199623353,False,False,False
A-3d957b,Pro,HealthTech,other,False,14,2024-05-05,2024-07-15,1,2786,13,115,35145,13,13,11,2024-04-10,2,0.11304347826086956,1300.0,25,3.0,0.0,41.333333333333336,79.33333333333333,3.0,1.0,3.0,300.0,26.08695652173913,False,True,False
A-89ee83,Pro,Cybersecurity,organic,False,1,2024-12-31,2024-10-18,74,3582,59,565,172626,26,55,28,2024-12-17,6,0.04601769911504425,79.72972972972973,14,5.0,1.0,21.8,66.2,4.0,3.0,2.0,6.756756756756757,8.849557522123893,True,False,False
A-883b7d,Basic,Cybersecurity,other,False,17,2024-12-31,2024-04-21,254,9950,65,632,184762,39,61,35,2024-12-30,7,0.061708860759493674,25.590551181102363,1,7.0,1.0,25.571428571428573,62.285714285714285,3.6,5.0,5.0,2.7559055118110236,11.075949367088608,False,False,False
A-dcc3f1,Pro,HealthTech,event,False,21,2024-07-16,2023-12-27,202,399,38,387,112509,25,37,29,2024-07-05,4,0.06459948320413436,18.81188118811881,11,5.0,0.0,39.2,77.8,4.0,4.0,2.0,2.4752475247524752,12.919896640826872,False,True,False
A-c62e55,Basic,EdTech,partner,True,1,2024-12-31,2023-11-15,412,686,32,337,87045,13,32,24,2024-12-12,6,0.03857566765578635,7.766990291262135,19,4.0,0.0,27.5,101.25,4.0,3.0,2.0,0.9708737864077669,11.869436201780417,False,False,False
A-e4144b,Pro,EdTech,other,False,41,2024-12-31,2024-11-10,51,8159,43,439,133397,21,43,26,2024-12-23,5,0.04783599088838269,84.31372549019608,8,3.0,0.0,57.0,172.33333333333334,4.0,2.0,2.0,5.88235294117647,6.83371298405467,False,False,False
A-e40f45,Pro,HealthTech,organic,False,21,2024-11-09,2024-05-15,178,399,37,328,101951,23,37,24,2024-10-21,3,0.0701219512195122,20.786516853932586,19,7.0,0.0,26.714285714285715,96.28571428571429,4.333333333333333,3.0,4.0,3.932584269662921,21.34146341463415,False,True,True
A-96215d,Enterprise,FinTech,event,False,10,2024-12-31,2024-08-17,136,490,32,347,104442,21,29,20,2024-12-06,5,0.06051873198847262,23.52941176470588,25,1.0,0.0,25.0,115.0,3.0,1.0,1.0,0.7352941176470588,2.881844380403458,False,False,False
A-2b9d3e,Enterprise,EdTech,partner,False,1,2024-12-31,2023-09-06,482,398,45,444,142589,19,43,26,2024-12-17,5,0.04279279279279279,9.336099585062241,14,3.0,0.0,34.666666666666664,79.33333333333333,5.0,1.0,2.0,0.6224066390041494,6.756756756756757,False,False,False
A-b7724f,Basic,HealthTech,organic,False,1,2023-08-25,2023-06-03,83,551,13,108,20361,8,13,12,2023-08-21,0,0.07407407407407407,15.66265060240964,4,0.0,0.0,,,,0.0,0.0,0.0,0.0,False,True,False
A-310452,Enterprise,DevTools,other,False,9,2024-12-25,2024-12-26,1,441,25,268,65581,16,23,20,2024-11-25,4,0.05970149253731343,2500.0,30,4.0,0.0,36.75,130.5,3.5,4.0,1.0,400.0,14.925373134328359,False,True,False
A-eb1312,Pro,FinTech,partner,False,25,2024-09-28,2024-09-18,10,475,55,544,159561,34,51,29,2024-09-05,4,0.0625,550.0,23,1.0,0.0,68.0,117.0,5.0,1.0,0.0,10.0,1.838235294117647,False,True,False
A-df1e44,Enterprise,Cybersecurity,organic,False,12,2024-10-17,2024-03-08,223,588,36,361,104333,13,36,22,2024-09-03,4,0.036011080332409975,16.143497757847534,44,1.0,0.0,38.0,91.0,5.0,1.0,0.0,0.4484304932735426,2.770083102493075,False,True,False
A-6a7c9d,Enterprise,Cybersecurity,organic,False,26,2024-11-15,2024-11-12,3,1274,18,183,63350,6,18,14,2024-11-09,1,0.03278688524590164,600.0,6,3.0,0.0,34.333333333333336,60.0,4.0,2.0,2.0,100.0,16.393442622950822,True,True,False
A-cbd1a3,Basic,DevTools,other,False,6,2024-12-31,2024-11-26,35,380,45,465,128809,32,44,29,2024-12-21,3,0.06881720430107527,128.57142857142858,10,4.0,0.0,34.5,81.75,4.0,2.0,1.0,11.428571428571429,8.602150537634408,True,False,False
A-a8d89d,Pro,EdTech,ads,False,13,2024-01-18,2023-12-12,37,323,27,293,101190,16,27,19,2024-01-17,2,0.05460750853242321,72.97297297297297,1,1.0,0.0,60.0,132.0,,0.0,0.0,2.7027027027027026,3.4129692832764507,False,True,False
A-600734,Pro,DevTools,organic,True,29,2024-12-31,2024-01-13,353,1764,69,660,190076,30,67,33,2024-12-26,11,0.045454545454545456,19.54674220963173,5,7.0,1.0,52.57142857142857,89.42857142857143,3.6666666666666665,3.0,5.0,1.9830028328611897,10.606060606060607,True,False,False
A-86fc1d,Basic,DevTools,partner,False,26,2024-08-12,2024-08-08,4,0,30,289,94234,23,30,23,2024-08-12,1,0.07958477508650519,750.0,0,4.0,0.0,29.5,39.0,4.0,2.0,4.0,100.0,13.84083044982699,False,True,False
A-78f02b,Enterprise,HealthTech,event,False,11,2024-12-02,2024-11-19,13,539,19,198,61543,15,19,16,2024-11-29,3,0.07575757575757576,146.15384615384613,3,4.0,0.0,45.75,55.0,4.0,3.0,1.0,30.76923076923077,20.202020202020204,False,True,False
A-acb7f7,Basic,EdTech,ads,False,32,2024-03-21,2024-01-07,74,608,35,347,92905,18,34,25,2024-03-19,7,0.05187319884726225,47.2972972972973,2,3.0,0.0,41.0,91.0,3.5,2.0,1.0,4.054054054054054,8.645533141210375,False,True,False
A-712f1c,Basic,DevTools,ads,False,17,2024-10-24,2024-01-03,295,833,62,571,169445,34,61,32,2024-09-30,5,0.0595446584938704,21.01694915254237,24,6.0,0.0,41.666666666666664,88.83333333333333,4.0,4.0,3.0,2.0338983050847457,10.507880910683012,True,True,False
A-3793ee,Enterprise,Cybersecurity,organic,True,49,2023-06-16,2023-11-20,1,9751,6,68,17557,0,6,6,2023-05-10,1,0.0,600.0,37,0.0,0.0,,,,0.0,0.0,0.0,0.0,False,True,False
A-9a532a,Enterprise,HealthTech,partner,False,11,2024-12-31,2024-08-28,125,2189,18,185,75595,15,18,16,2024-10-21,4,0.08108108108108109,14.399999999999999,71,2.0,0.0,57.5,128.5,,0.0,1.0,1.6,10.81081081081081,False,False,False
A-2ebb4b,Basic,HealthTech,ads,False,41,2023-08-04,2023-06-04,61,2009,11,100,18476,2,11,11,2023-07-05,2,0.02,18.0327868852459,30,1.0,0.0,51.0,124.0,3.0,1.0,1.0,1.639344262295082,10.0,False,True,False
A-6843f2,Enterprise,HealthTech,ads,False,21,2024-12-31,2024-12-11,20,1127,45,464,126101,17,43,23,2024-11-26,3,0.036637931034482756,225.0,35,2.0,0.0,36.5,78.0,3.0,2.0,1.0,10.0,4.310344827586206,False,False,False
A-c9bb3e,Pro,EdTech,ads,False,5,2024-07-29,2024-04-01,119,190,38,398,141053,18,36,24,2024-06-18,2,0.04522613065326633,31.932773109243694,41,5.0,1.0,34.8,101.8,4.25,4.0,4.0,4.201680672268908,12.56281407035176,False,True,False
A-4814a3,Basic,Cybersecurity,event,False,87,2024-11-25,2024-09-27,59,4263,57,553,158197,44,55,34,2024-11-19,7,0.07956600361663653,96.61016949152543,6,4.0,1.0,18.75,97.0,4.0,1.0,2.0,6.779661016949152,7.2332730560578655,True,True,False
A-b7b7b7,Basic,FinTech,event,False,24,2024-12-31,2024-07-12,172,1176,55,571,166390,26,54,31,2024-12-12,6,0.04553415061295972,31.976744186046513,19,3.0,0.0,17.0,99.0,5.0,2.0,0.0,1.744186046511628,5.253940455341506,True,False,False
A-ccc747,Pro,HealthTech,event,False,16,2024-04-15,2024-05-13,1,304,22,204,61893,10,22,17,2024-03-17,3,0.049019607843137254,2200.0,29,2.0,0.0,32.0,13.5,,0.0,0.0,200.0,9.803921568627452,True,True,False
A-bb3bd4,Basic,HealthTech,ads,False,23,2024-05-30,2024-04-05,55,437,24,244,78535,8,24,15,2024-05-23,1,0.03278688524590164,43.63636363636363,7,7.0,0.0,40.0,108.28571428571429,4.333333333333333,3.0,2.0,12.727272727272727,28.688524590163937,False,True,False
A-09316c,Enterprise,FinTech,organic,False,70,2024-12-05,2024-09-19,77,13930,51,527,137658,31,51,27,2024-11-30,5,0.058823529411764705,66.23376623376623,5,3.0,1.0,50.0,114.66666666666667,4.0,3.0,1.0,3.896103896103896,5.692599620493358,False,True,False
A-96bbc6,Enterprise,Cybersecurity,organic,False,39,2024-06-24,2024-05-23,32,741,31,301,99417,20,30,22,2024-06-20,2,0.0664451827242525,96.875,4,3.0,0.0,51.333333333333336,67.0,3.3333333333333335,3.0,1.0,9.375,9.966777408637872,False,True,False
A-bc4d48,Pro,EdTech,ads,True,35,2024-12-31,2024-06-26,188,665,32,321,89391,9,30,24,2024-12-23,1,0.028037383177570093,17.02127659574468,8,6.0,1.0,41.166666666666664,65.83333333333333,4.2,5.0,4.0,3.1914893617021276,18.69158878504673,False,False,False
A-b30291,Basic,HealthTech,event,True,5,2024-09-03,2024-04-09,147,245,39,412,138270,28,38,26,2024-08-31,8,0.06796116504854369,26.53061224489796,3,1.0,0.0,16.0,1.0,,0.0,1.0,0.6802721088435374,2.4271844660194173,True,True,False
A-cdf020,Pro,DevTools,organic,False,23,2023-12-08,2023-12-01,7,2156,19,177,55387,10,19,14,2023-11-03,3,0.05649717514124294,271.42857142857144,35,2.0,0.0,40.5,16.5,3.0,1.0,1.0,28.57142857142857,11.299435028248588,False,True,False
A-e6afc1,Pro,DevTools,ads,False,1,2024-12-31,2023-05-24,587,0,71,679,196287,30,67,32,2024-12-16,6,0.044182621502209134,12.095400340715502,15,0.0,0.0,,,,0.0,0.0,0.0,0.0,False,False,False
A-e3bd71,Basic,Cybersecurity,partner,False,31,2023-12-30,2023-04-03,271,1519,29,316,82383,13,29,21,2023-12-22,2,0.04113924050632911,10.70110701107011,8,3.0,0.0,35.0,126.66666666666667,4.0,2.0,2.0,1.107011070110701,9.49367088607595,False,True,False
A-b179bf,Basic,Cybersecurity,ads,False,43,2024-10-31,2024-10-27,4,0,38,383,108815,18,36,23,2024-09-23,4,0.04699738903394256,950.0,38,5.0,0.0,27.2,109.8,4.0,1.0,3.0,125.0,13.054830287206265,False,True,False
A-098560,Enterprise,DevTools,ads,False,1,2024-05-30,2023-12-10,172,796,40,414,129451,21,39,27,2024-05-22,6,0.050724637681159424,23.25581395348837,8,1.0,1.0,1.0,174.0,3.0,1.0,1.0,0.5813953488372093,2.4154589371980677,True,True,False
A-82861f,Basic,DevTools,organic,False,41,2024-05-17,2024-05-18,1,8159,34,317,84364,27,32,21,2024-05-11,3,0.08517350157728706,3400.0,6,2.0,0.0,17.5,12.0,3.5,2.0,1.0,200.0,6.309148264984227,False,True,False
A-94c3cd,Enterprise,FinTech,other,False,32,2024-12-31,2024-01-06,360,6368,31,306,104197,18,30,18,2024-12-11,4,0.058823529411764705,8.61111111111111,20,4.0,1.0,44.75,116.5,3.5,2.0,2.0,1.1111111111111112,13.071895424836601,False,False,False
A-a33200,Basic,HealthTech,partner,False,29,2024-10-07,2024-09-26,11,551,50,462,138611,25,48,31,2024-09-29,5,0.05411255411255411,454.54545454545456,8,3.0,0.0,36.333333333333336,88.33333333333333,4.5,2.0,1.0,27.27272727272727,6.493506493506494,False,True,False
A-034368,Enterprise,EdTech,event,False,19,2024-08-29,2023-12-14,259,4577,22,198,58043,20,21,17,2024-07-25,4,0.10101010101010101,8.494208494208493,35,5.0,0.0,41.2,91.8,4.0,2.0,2.0,1.9305019305019304,25.252525252525253,False,True,False
A-b54c01,Enterprise,DevTools,event,False,29,2024-10-23,2024-10-07,16,551,23,226,64973,17,21,15,2024-10-05,3,0.0752212389380531,143.75,18,5.0,0.0,42.6,77.2,3.0,2.0,1.0,31.25,22.123893805309734,False,True,False
A-d82ef9,Basic,EdTech,other,False,26,2024-08-06,2024-07-14,23,494,50,491,145225,35,47,27,2024-07-31,2,0.07128309572301425,217.39130434782606,6,3.0,0.0,41.666666666666664,64.33333333333333,4.333333333333333,3.0,2.0,13.043478260869565,6.109979633401222,True,True,False
A-bb2f49,Pro,Cybersecurity,other,False,8,2024-12-31,2023-06-29,551,1372,60,618,190070,42,60,31,2024-12-30,2,0.06796116504854369,10.88929219600726,1,3.0,0.0,22.333333333333332,102.33333333333333,4.0,2.0,2.0,0.5444646098003629,4.854368932038835,False,False,False
A-1f559b,Enterprise,HealthTech,organic,True,5,2024-09-28,2023-12-12,291,190,34,334,99335,23,31,27,2024-08-28,3,0.0688622754491018,11.683848797250858,31,4.0,0.0,52.5,109.75,4.0,4.0,3.0,1.3745704467353952,11.976047904191617,True,True,False
A-5a215a,Enterprise,EdTech,other,False,87,2024-12-31,2024-01-31,335,4263,79,797,266882,71,72,32,2024-12-24,8,0.0890840652446675,23.582089552238806,7,4.0,0.0,29.5,38.0,4.0,3.0,2.0,1.1940298507462688,5.018820577164366,False,False,False
A-3f9cc0,Basic,HealthTech,event,False,22,2024-07-18,2024-06-23,25,5970,30,310,91853,10,30,18,2024-07-16,0,0.03225806451612903,120.0,2,3.0,1.0,23.333333333333332,132.0,4.5,2.0,2.0,12.0,9.67741935483871,False,True,False
A-f9cc74,Enterprise,DevTools,partner,True,30,2024-12-31,2024-10-12,80,0,50,484,130826,22,49,30,2024-12-31,7,0.045454545454545456,62.5,0,6.0,0.0,49.833333333333336,118.33333333333333,4.0,5.0,0.0,7.5,12.396694214876034,False,False,False
A-ed510f,Basic,Cybersecurity,partner,False,42,2023-05-05,2023-03-09,57,2058,7,67,23435,4,7,6,2023-04-25,0,0.05970149253731343,12.280701754385964,10,3.0,0.0,46.666666666666664,103.66666666666667,4.0,2.0,2.0,5.263157894736842,44.776119402985074,False,True,False
A-5c9849,Basic,EdTech,partner,False,19,2024-11-13,2024-11-10,3,931,45,463,148613,23,43,30,2024-11-12,2,0.04967602591792657,1500.0,1,4.0,1.0,59.5,41.0,,0.0,2.0,133.33333333333331,8.639308855291578,False,True,False
A-a7bd4b,Enterprise,Cybersecurity,ads,False,5,2024-10-15,2023-03-19,576,342,48,504,148088,34,46,28,2024-09-21,5,0.06746031746031746,8.333333333333332,24,5.0,0.0,36.2,92.0,3.3333333333333335,3.0,4.0,0.8680555555555556,9.920634920634921,False,True,False
A-d4ac0e,Basic,DevTools,ads,False,18,2024-12-31,2024-05-10,235,882,80,793,245619,53,76,38,2024-12-26,9,0.06683480453972257,34.04255319148936,5,4.0,0.0,21.0,34.0,3.5,2.0,2.0,1.702127659574468,5.044136191677175,False,False,False
A-ffdfd5,Basic,EdTech,organic,False,3,2024-08-08,2024-04-24,106,147,39,394,98058,23,39,26,2024-08-08,4,0.0583756345177665,36.79245283018868,0,0.0,0.0,,,,0.0,0.0,0.0,0.0,True,True,True
A-0dbdc6,Pro,Cybersecurity,other,False,30,2023-11-26,2023-06-14,165,2303,23,222,71286,13,23,19,2023-11-19,3,0.05855855855855856,13.939393939393941,7,3.0,0.0,42.666666666666664,105.33333333333333,,0.0,0.0,1.8181818181818181,13.513513513513514,True,True,False
A-7cfe77,Pro,DevTools,ads,False,69,2024-09-09,2024-07-30,41,1311,16,173,53105,9,16,13,2024-09-05,1,0.05202312138728324,39.02439024390244,4,6.0,0.0,28.0,99.33333333333333,3.6666666666666665,3.0,3.0,14.634146341463413,34.68208092485549,False,True,False
A-1f0636,Pro,EdTech,partner,False,105,2024-12-31,2024-02-27,308,20895,68,685,212120,30,67,32,2024-12-29,4,0.043795620437956206,22.07792207792208,2,2.0,0.0,38.5,75.0,3.5,2.0,2.0,0.6493506493506493,2.9197080291970803,False,False,False
A-40de06,Enterprise,Cybersecurity,event,False,28,2024-12-31,2023-06-03,577,532,91,902,267400,43,84,37,2024-12-17,14,0.04767184035476718,15.771230502599654,14,3.0,0.0,40.333333333333336,67.66666666666667,4.0,1.0,1.0,0.5199306759098787,3.3259423503325944,True,False,False
A-cb5333,Pro,DevTools,ads,False,33,2024-08-11,2024-04-01,132,1617,68,652,224587,30,63,35,2024-08-03,6,0.046012269938650305,51.515151515151516,8,4.0,0.0,30.75,85.75,3.0,1.0,2.0,3.0303030303030303,6.134969325153374,False,True,False
A-309e54,Pro,DevTools,other,False,15,2024-12-14,2024-12-13,1,285,51,501,163935,23,49,27,2024-11-26,3,0.04590818363273453,5100.0,18,5.0,0.0,23.8,90.2,3.0,1.0,3.0,500.0,9.980039920159681,False,True,False
A-6e7827,Basic,DevTools,other,False,1,2023-09-19,2023-06-11,100,833,16,154,53169,10,15,13,2023-09-13,2,0.06493506493506493,16.0,6,0.0,0.0,,,,0.0,0.0,0.0,0.0,False,True,False
A-50bb9f,Pro,Cybersecurity,organic,False,2,2024-09-08,2024-07-22,48,2646,21,246,86161,10,21,18,2024-08-08,4,0.04065040650406504,43.75,31,7.0,0.0,33.285714285714285,74.71428571428571,4.0,3.0,3.0,14.583333333333334,28.455284552845526,False,True,False
A-5fe118,Enterprise,Cybersecurity,other,False,39,2024-12-16,2024-12-02,14,0,20,220,57835,12,20,14,2024-11-01,5,0.05454545454545454,142.85714285714286,45,1.0,0.0,19.0,26.0,4.0,1.0,1.0,7.142857142857142,4.545454545454545,False,True,False
A-5247b3,Pro,FinTech,partner,True,16,2024-10-12,2024-03-23,203,1406,54,555,163737,24,52,31,2024-09-17,8,0.043243243243243246,26.60098522167488,25,5.0,0.0,45.8,96.6,4.0,3.0,4.0,2.4630541871921183,9.00900900900901,False,True,False
A-f44180,Pro,Cybersecurity,event,False,9,2023-04-29,2023-03-25,35,0,10,113,38585,6,10,9,2023-04-29,2,0.05309734513274336,28.57142857142857,0,0.0,0.0,,,,0.0,0.0,0.0,0.0,False,True,False
A-c16cf7,Pro,EdTech,event,True,13,2024-11-08,2024-10-18,21,665,55,553,138902,26,53,32,2024-11-03,8,0.04701627486437613,261.9047619047619,5,3.0,0.0,48.333333333333336,111.66666666666667,3.5,2.0,0.0,14.285714285714285,5.424954792043399,False,True,False
A-d42431,Enterprise,FinTech,ads,True,22,2024-06-26,2024-06-11,15,4378,37,364,110314,24,37,22,2024-06-02,5,0.06593406593406594,246.66666666666669,24,3.0,0.0,16.666666666666668,123.33333333333333,3.0,1.0,2.0,20.0,8.241758241758243,False,True,False
A-6965e1,Basic,DevTools,organic,False,13,2024-12-02,2024-12-05,1,247,57,606,182823,28,54,27,2024-11-20,4,0.0462046204620462,5700.0,12,3.0,0.0,39.0,128.33333333333334,3.0,1.0,1.0,300.0,4.9504950495049505,False,True,False
A-0354fe,Basic,Cybersecurity,other,False,34,2024-11-15,2024-11-03,12,0,40,405,133753,27,39,26,2024-10-18,3,0.06666666666666667,333.33333333333337,28,3.0,0.0,26.333333333333332,56.666666666666664,5.0,1.0,1.0,25.0,7.407407407407407,False,True,False
A-0a62f5,Pro,FinTech,partner,False,16,2024-09-27,2024-09-16,11,475,24,233,68961,7,24,19,2024-08-02,2,0.030042918454935622,218.18181818181816,56,1.0,0.0,59.0,153.0,,0.0,1.0,9.090909090909092,4.291845493562231,False,True,False
A-f5641b,Pro,EdTech,other,False,31,2024-04-20,2024-04-21,1,8955,29,325,98454,11,29,20,2024-04-19,3,0.033846153846153845,2900.0,1,2.0,0.0,29.5,69.5,3.0,1.0,2.0,200.0,6.153846153846154,False,True,False
A-b44e3e,Basic,Cybersecurity,ads,False,40,2024-04-14,2024-02-28,46,7960,24,251,74315,9,23,17,2024-04-09,2,0.035856573705179286,52.17391304347826,5,2.0,0.0,24.5,80.0,4.5,2.0,2.0,4.3478260869565215,7.968127490039841,False,True,True
A-3b37d9,Enterprise,FinTech,event,False,23,2023-12-26,2023-04-11,259,4577,22,216,61097,15,22,16,2023-12-26,2,0.06944444444444445,8.494208494208493,0,4.0,0.0,38.0,102.5,4.5,2.0,2.0,1.5444015444015444,18.51851851851852,False,True,False
A-54d94a,Basic,Cybersecurity,event,False,27,2024-12-31,2023-11-29,398,513,59,582,174162,28,57,30,2024-12-30,7,0.048109965635738834,14.824120603015075,1,4.0,0.0,53.75,82.75,3.5,2.0,0.0,1.0050251256281406,6.8728522336769755,False,False,False
A-7f29a7,Basic,Cybersecurity,event,True,41,2024-10-09,2024-09-26,13,779,57,570,168204,34,54,29,2024-09-24,8,0.05964912280701754,438.4615384615385,15,1.0,0.0,24.0,5.0,4.0,1.0,1.0,7.6923076923076925,1.7543859649122808,False,True,False
A-089363,Basic,FinTech,event,False,2,2023-11-27,2023-06-03,177,0,30,305,86252,18,30,21,2023-11-24,4,0.05901639344262295,16.94915254237288,3,2.0,0.0,23.0,114.0,3.5,2.0,0.0,1.1299435028248588,6.557377049180328,False,True,False
A-524364,Enterprise,DevTools,partner,False,3,2024-12-31,2024-12-31,1,0,26,237,72569,24,26,18,2024-09-23,2,0.10126582278481013,2600.0,99,3.0,0.0,47.666666666666664,75.33333333333333,4.333333333333333,3.0,2.0,300.0,12.658227848101266,False,False,False
A-855a48,Pro,EdTech,partner,True,14,2024-08-01,2024-01-30,184,11940,39,396,127846,16,38,25,2024-07-20,6,0.04040404040404041,21.195652173913043,12,5.0,0.0,39.6,122.0,3.6666666666666665,3.0,4.0,2.717391304347826,12.626262626262626,False,True,False
A-756192,Basic,FinTech,other,False,19,2024-12-31,2023-09-17,471,1862,64,617,183585,43,61,32,2024-12-29,3,0.06969205834683954,13.588110403397028,2,3.0,0.0,37.333333333333336,102.33333333333333,4.0,2.0,2.0,0.6369426751592357,4.862236628849271,False,False,False
A-49b828,Pro,FinTech,ads,False,6,2024-12-31,2023-05-11,600,3980,65,687,187183,45,62,29,2024-12-21,10,0.06550218340611354,10.833333333333334,10,3.0,1.0,13.666666666666666,87.66666666666667,3.5,2.0,0.0,0.5,4.366812227074235,False,False,False
A-c7ffc2,Pro,Cybersecurity,partner,True,30,2023-04-15,2023-05-25,1,931,11,99,30215,5,10,9,2023-04-08,2,0.050505050505050504,1100.0,7,0.0,0.0,,,,0.0,0.0,0.0,0.0,False,True,False
A-751c58,Basic,FinTech,organic,False,15,2024-09-17,2024-07-29,50,1349,43,459,146553,7,41,29,2024-09-08,2,0.015250544662309368,86.0,9,4.0,0.0,39.25,139.25,4.0,2.0,0.0,8.0,8.71459694989107,False,True,False
A-72799b,Enterprise,DevTools,event,False,20,2024-05-05,2023-11-17,170,2989,40,392,107384,27,39,23,2024-05-05,6,0.06887755102040816,23.52941176470588,0,1.0,1.0,12.0,56.0,4.0,1.0,0.0,0.5882352941176471,2.5510204081632653,True,True,False
A-812c5b,Basic,DevTools,organic,False,55,2024-05-11,2024-04-03,38,2695,67,671,212183,37,64,30,2024-05-10,8,0.05514157973174367,176.3157894736842,1,3.0,0.0,31.333333333333332,113.33333333333333,4.0,2.0,2.0,7.894736842105263,4.470938897168406,True,True,False
A-69b156,Pro,EdTech,other,False,7,2024-12-31,2023-12-27,370,152,36,360,102483,20,36,24,2024-12-12,2,0.05555555555555555,9.72972972972973,19,7.0,0.0,32.0,100.57142857142857,4.0,4.0,4.0,1.891891891891892,19.444444444444446,True,False,True
A-075038,Basic,HealthTech,ads,False,17,2024-09-05,2023-07-14,419,798,57,614,176727,24,56,27,2024-09-05,7,0.03908794788273615,13.60381861575179,0,1.0,0.0,50.0,104.0,3.0,1.0,1.0,0.23866348448687352,1.6286644951140066,False,True,False
A-940b8b,Basic,HealthTech,organic,False,1,2024-12-31,2024-04-01,274,0,35,362,121184,32,34,23,2024-10-28,3,0.08839779005524862,12.773722627737227,64,3.0,0.0,41.333333333333336,89.33333333333333,4.0,2.0,2.0,1.094890510948905,8.287292817679557,False,False,False
A-2d1036,Pro,FinTech,ads,False,69,2024-10-19,2024-07-03,108,3381,62,617,159833,34,59,29,2024-10-18,10,0.055105348460291734,57.407407407407405,1,4.0,1.0,45.5,40.5,4.5,4.0,1.0,3.7037037037037033,6.482982171799027,True,True,False
A-0f6450,Pro,FinTech,other,True,28,2024-12-29,2024-12-27,2,5572,54,539,174670,39,52,31,2024-11-08,8,0.07235621521335807,2700.0,51,8.0,1.0,29.75,81.625,3.8333333333333335,6.0,1.0,400.0,14.84230055658627,True,True,False
A-9affe6,Pro,Cybersecurity,other,False,7,2024-01-12,2023-04-06,281,1127,30,300,91901,11,29,20,2024-01-11,3,0.03666666666666667,10.676156583629894,1,1.0,0.0,50.0,12.0,3.0,1.0,1.0,0.3558718861209964,3.3333333333333335,False,True,False
A-80eeb6,Enterprise,Cybersecurity,organic,False,22,2023-10-19,2023-07-15,96,4378,32,292,98098,21,30,24,2023-10-12,4,0.07191780821917808,33.33333333333333,7,4.0,1.0,40.25,68.25,3.6666666666666665,3.0,3.0,4.166666666666666,13.698630136986301,False,True,True
A-d4e0d4,Basic,FinTech,other,False,117,2024-12-31,2024-10-18,74,23283,49,488,144771,33,47,30,2024-12-04,6,0.06762295081967214,66.21621621621621,27,4.0,0.0,39.25,76.25,4.0,2.0,1.0,5.405405405405405,8.196721311475411,False,False,False
A-c7e58b,Pro,HealthTech,other,False,3,2024-12-31,2023-08-30,489,0,34,343,105853,18,33,22,2024-11-19,1,0.052478134110787174,6.952965235173824,42,5.0,0.0,30.6,98.4,3.5,4.0,2.0,1.0224948875255624,14.577259475218659,False,False,False
A-016043,Basic,EdTech,organic,True,4,2024-08-11,2024-08-02,9,494,41,415,123613,18,40,25,2024-07-27,3,0.043373493975903614,455.55555555555554,15,2.0,0.0,16.0,45.5,4.0,1.0,2.0,22.22222222222222,4.819277108433735,False,True,False
A-bbe56f,Enterprise,HealthTech,ads,False,21,2024-12-31,2023-08-29,490,418,22,232,60604,8,22,13,2024-12-02,4,0.034482758620689655,4.489795918367347,29,4.0,0.0,26.25,120.5,4.0,3.0,2.0,0.8163265306122449,17.241379310344826,False,False,False
A-7c5768,Enterprise,HealthTech,event,False,3,2024-12-31,2024-03-05,301,0,46,461,142276,31,45,27,2024-12-02,4,0.06724511930585683,15.282392026578073,29,5.0,0.0,28.8,96.4,4.0,3.0,4.0,1.6611295681063125,10.845986984815617,False,False,False
A-751bd4,Pro,Cybersecurity,partner,False,10,2024-09-22,2024-09-18,4,0,7,62,27519,0,7,7,2024-07-15,0,0.0,175.0,69,4.0,1.0,17.5,124.75,4.0,2.0,3.0,100.0,64.51612903225806,False,True,False
A-4e0e85,Enterprise,DevTools,organic,False,6,2023-11-16,2024-02-16,1,0,12,117,39447,1,12,12,2023-11-10,0,0.008547008547008548,1200.0,6,0.0,0.0,,,,0.0,0.0,0.0,0.0,False,True,False
A-ad3abd,Pro,FinTech,event,False,44,2023-07-12,2023-03-18,116,2156,10,102,37232,4,10,10,2023-06-30,0,0.0392156862745098,8.620689655172415,12,0.0,0.0,,,,0.0,0.0,0.0,0.0,False,True,False
A-e19ff6,Enterprise,Cybersecurity,partner,False,1,2024-01-08,2023-08-09,152,1274,25,246,73542,19,25,20,2023-12-23,1,0.07723577235772358,16.447368421052634,16,2.0,0.0,41.5,91.5,4.5,2.0,2.0,1.3157894736842104,8.130081300813009,False,True,False
A-7920cc,Pro,Cybersecurity,ads,False,39,2024-12-31,2023-11-27,400,13731,61,593,176296,28,58,31,2024-12-20,4,0.047217537942664416,15.25,11,7.0,0.0,32.857142857142854,113.42857142857143,4.333333333333333,3.0,1.0,1.7500000000000002,11.804384485666104,False,False,False
A-5a92e7,Pro,HealthTech,ads,False,4,2024-06-18,2024-06-13,5,0,58,626,187521,52,57,32,2024-06-05,6,0.08306709265175719,1160.0,13,5.0,0.0,44.8,92.8,4.75,4.0,4.0,100.0,7.987220447284344,False,True,False
A-fdfc91,Basic,Cybersecurity,ads,False,29,2024-12-31,2023-07-30,520,2109,55,557,157660,29,55,32,2024-11-19,1,0.05206463195691203,10.576923076923077,42,5.0,0.0,28.8,121.0,3.6666666666666665,3.0,5.0,0.9615384615384616,8.976660682226212,False,False,False
A-1e50e0,Pro,Cybersecurity,other,True,19,2023-11-01,2023-03-23,223,3781,10,97,29690,10,10,10,2023-10-23,0,0.10309278350515463,4.484304932735426,9,0.0,0.0,,,,0.0,0.0,0.0,0.0,True,True,False
A-1e1b80,Enterprise,FinTech,other,False,50,2023-10-04,2023-10-11,1,950,28,290,94801,21,27,21,2023-10-04,0,0.07241379310344828,2800.0,0,2.0,0.0,44.0,43.0,3.5,2.0,2.0,200.0,6.896551724137931,False,True,False
A-659280,Enterprise,FinTech,event,True,13,2024-07-23,2023-11-25,241,0,46,457,135830,24,42,25,2024-07-02,4,0.0525164113785558,19.08713692946058,21,3.0,0.0,3.3333333333333335,148.33333333333334,4.0,2.0,0.0,1.2448132780082988,6.564551422319474,True,True,False
A-f6b2fb,Basic,DevTools,event,False,23,2024-07-11,2024-05-23,49,437,44,428,134089,33,42,26,2024-07-09,8,0.07710280373831775,89.79591836734694,2,5.0,1.0,55.0,88.6,4.0,3.0,2.0,10.204081632653061,11.682242990654204,False,True,False
A-cb6cc6,Basic,DevTools,ads,True,13,2024-12-31,2023-04-20,621,1225,35,314,101719,26,34,21,2024-12-21,0,0.08280254777070063,5.636070853462158,10,3.0,0.0,16.333333333333332,131.66666666666666,3.5,2.0,2.0,0.4830917874396135,9.554140127388534,False,False,False
A-d62e02,Pro,Cybersecurity,partner,False,6,2024-12-31,2024-09-03,119,1194,34,344,126757,23,33,25,2024-12-22,4,0.06686046511627906,28.57142857142857,9,1.0,0.0,36.0,31.0,4.0,1.0,1.0,0.8403361344537815,2.9069767441860463,False,False,False
A-d535f6,Basic,DevTools,organic,True,12,2024-10-05,2024-09-21,14,0,44,448,137432,29,42,25,2024-09-26,4,0.06473214285714286,314.2857142857143,9,0.0,0.0,,,,0.0,0.0,0.0,0.0,True,True,False
A-39868b,Pro,FinTech,partner,False,9,2024-05-06,2024-04-25,11,0,12,124,44052,17,12,10,2024-02-10,1,0.13709677419354838,109.09090909090908,86,6.0,0.0,39.0,100.83333333333333,4.25,4.0,2.0,54.54545454545454,48.387096774193544,False,True,False
A-3cc791,Enterprise,EdTech,other,False,6,2024-10-09,2024-01-31,252,1764,44,426,144583,30,42,28,2024-10-07,5,0.07042253521126761,17.46031746031746,2,5.0,1.0,54.0,98.2,4.25,4.0,3.0,1.984126984126984,11.737089201877934,False,True,False
A-337bc1,Pro,Cybersecurity,organic,True,30,2023-10-21,2023-08-02,80,0,19,193,67047,18,19,15,2023-09-01,1,0.09326424870466321,23.75,50,1.0,0.0,21.0,7.0,4.0,1.0,0.0,1.25,5.181347150259067,False,True,False
A-58b9ff,Enterprise,DevTools,partner,False,2,2024-10-10,2024-06-17,115,1617,58,594,186054,29,58,26,2024-10-06,6,0.04882154882154882,50.43478260869565,4,2.0,1.0,66.0,79.0,4.0,1.0,0.0,1.7391304347826086,3.3670033670033668,False,True,False
A-bf7919,Pro,HealthTech,organic,False,3,2024-12-06,2024-12-07,1,0,26,262,77458,14,26,23,2024-11-22,4,0.05343511450381679,2600.0,14,2.0,0.0,14.5,81.5,5.0,1.0,1.0,200.0,7.633587786259541,False,True,False
A-1d5444,Basic,Cybersecurity,partner,False,24,2024-06-01,2024-03-19,74,0,38,384,111338,23,37,22,2024-05-21,3,0.059895833333333336,51.35135135135135,11,1.0,0.0,55.0,29.0,4.0,1.0,1.0,1.3513513513513513,2.6041666666666665,True,True,False
A-0f3e88,Basic,HealthTech,other,False,7,2024-08-11,2023-08-05,372,343,40,408,123127,15,40,27,2024-07-23,4,0.03676470588235294,10.75268817204301,19,2.0,0.0,62.5,54.0,5.0,1.0,0.0,0.5376344086021506,4.901960784313726,True,True,True
A-7641d3,Pro,EdTech,partner,True,8,2023-11-10,2023-04-12,212,190,21,229,69130,10,20,16,2023-10-16,3,0.043668122270742356,9.90566037735849,25,3.0,2.0,37.333333333333336,120.33333333333333,5.0,2.0,2.0,1.4150943396226416,13.100436681222707,True,True,False
A-cd458b,Basic,DevTools,other,True,10,2024-11-07,2024-07-12,118,1990,76,786,249611,40,73,33,2024-11-03,2,0.05089058524173028,64.40677966101694,4,4.0,0.0,34.75,65.0,4.5,4.0,4.0,3.389830508474576,5.089058524173028,False,True,False
A-c16b88,Enterprise,HealthTech,event,False,23,2024-06-01,2024-03-08,85,4577,37,352,116468,20,37,24,2024-04-19,5,0.056818181818181816,43.529411764705884,43,3.0,0.0,48.333333333333336,137.66666666666666,3.0,1.0,2.0,3.5294117647058822,8.522727272727272,False,True,False
A-59f724,Enterprise,HealthTech,other,True,3,2024-12-31,2024-01-01,365,342,68,696,221691,47,62,33,2024-12-07,6,0.06752873563218391,18.63013698630137,24,4.0,0.0,19.25,94.5,4.25,4.0,3.0,1.095890410958904,5.747126436781609,False,False,False
A-87aa7b,Pro,HealthTech,organic,True,24,2024-06-07,2024-05-22,16,2499,53,546,162096,20,50,27,2024-06-06,4,0.03663003663003663,331.25,1,2.0,1.0,30.0,35.5,,0.0,1.0,12.5,3.663003663003663,False,True,False
A-1e6fc3,Pro,EdTech,other,False,1,2024-03-20,2024-01-11,69,199,17,160,57884,18,17,14,2024-03-10,1,0.1125,24.637681159420293,10,5.0,0.0,23.8,88.6,3.6666666666666665,3.0,3.0,7.246376811594203,31.25,False,True,False
A-39ddf4,Enterprise,EdTech,partner,False,40,2024-12-13,2024-12-07,6,7960,45,448,135692,35,45,26,2024-11-10,6,0.078125,750.0,33,5.0,0.0,23.0,76.2,4.25,4.0,4.0,83.33333333333334,11.160714285714286,False,True,False
A-34ea2f,Enterprise,HealthTech,organic,False,8,2024-10-05,2024-09-05,30,3184,47,461,149528,23,46,27,2024-09-25,3,0.049891540130151846,156.66666666666666,10,7.0,0.0,36.714285714285715,64.0,3.8,5.0,3.0,23.333333333333332,15.184381778741864,True,True,False
A-716841,Pro,FinTech,other,False,45,2024-11-13,2024-05-13,184,8955,32,330,108611,11,30,25,2024-11-08,1,0.03333333333333333,17.391304347826086,5,5.0,0.0,29.8,112.8,4.0,3.0,0.0,2.717391304347826,15.151515151515152,False,True,False
A-558c72,Basic,FinTech,organic,False,12,2024-11-28,2023-06-12,535,735,29,291,83177,13,28,19,2024-11-09,4,0.044673539518900345,5.420560747663552,19,4.0,1.0,64.25,79.25,4.5,2.0,2.0,0.7476635514018692,13.745704467353951,False,True,False
A-b11cd0,Pro,DevTools,ads,True,26,2024-12-31,2023-02-16,684,1274,29,278,85711,16,28,21,2024-12-21,1,0.05755395683453238,4.239766081871345,10,4.0,0.0,38.5,140.75,4.0,2.0,0.0,0.5847953216374269,14.388489208633095,True,False,False
A-cc1d8d,Pro,FinTech,other,False,5,2024-12-17,2024-12-08,9,1194,63,618,204365,48,58,33,2024-12-15,11,0.07766990291262135,700.0,2,5.0,0.0,30.2,99.2,4.5,2.0,2.0,55.55555555555556,8.090614886731391,False,True,False
A-7f4db3,Pro,FinTech,other,False,4,2023-03-21,2023-03-11,10,4776,9,88,31199,3,9,9,2023-03-20,0,0.03409090909090909,90.0,1,1.0,0.0,15.0,60.0,3.0,1.0,1.0,10.0,11.363636363636363,False,True,True
A-db5e9e,Basic,DevTools,partner,False,4,2024-12-29,2024-11-12,47,588,55,566,163175,24,53,29,2024-12-27,7,0.04240282685512368,117.02127659574468,2,2.0,0.0,66.0,97.5,5.0,2.0,0.0,4.25531914893617,3.5335689045936394,False,True,False
A-cc102e,Enterprise,HealthTech,partner,False,13,2024-04-25,2024-05-06,1,247,29,266,78203,23,29,17,2024-04-19,4,0.08646616541353383,2900.0,6,3.0,0.0,24.0,86.33333333333333,4.0,2.0,1.0,300.0,11.278195488721805,False,True,False
A-82d8a6,Basic,Cybersecurity,ads,False,5,2024-12-29,2024-12-03,26,245,70,661,198538,38,69,32,2024-12-17,9,0.057488653555219364,269.2307692307692,12,5.0,0.0,42.2,112.0,3.5,2.0,3.0,19.230769230769234,7.564296520423601,False,True,True
A-dec005,Pro,HealthTech,partner,False,21,2024-11-23,2023-10-17,403,10746,48,436,135444,44,47,30,2024-11-15,6,0.10091743119266056,11.910669975186105,8,2.0,0.0,59.0,152.0,3.0,1.0,1.0,0.49627791563275436,4.587155963302752,False,True,True
A-5790f4,Pro,FinTech,event,True,1,2024-12-25,2024-12-22,3,627,35,321,95888,26,35,25,2024-12-09,2,0.08099688473520249,1166.6666666666665,16,4.0,1.0,44.0,57.25,4.0,1.0,1.0,133.33333333333331,12.461059190031152,False,True,False
A-7c83a1,Pro,Cybersecurity,partner,False,12,2024-05-19,2024-05-14,5,1176,41,403,124392,19,40,26,2024-05-17,2,0.04714640198511166,819.9999999999999,2,4.0,0.0,42.0,86.25,4.0,4.0,2.0,80.0,9.925558312655086,False,True,False
A-297a2d,Pro,HealthTech,event,False,27,2024-12-31,2023-08-15,504,5373,25,244,70412,22,24,23,2024-11-14,6,0.09016393442622951,4.9603174603174605,47,2.0,0.0,32.5,84.5,3.0,1.0,2.0,0.3968253968253968,8.196721311475411,False,False,False
A-4c56c9,Enterprise,FinTech,partner,False,9,2024-04-05,2024-05-13,1,342,42,416,128925,28,40,26,2024-04-04,6,0.0673076923076923,4200.0,1,2.0,0.0,54.0,98.5,3.0,1.0,1.0,200.0,4.807692307692308,True,True,False
A-cbbe12,Enterprise,Cybersecurity,partner,False,40,2024-12-31,2023-07-21,529,7960,22,178,49983,10,21,14,2024-12-02,0,0.056179775280898875,4.158790170132325,29,6.0,0.0,38.0,74.5,4.25,4.0,4.0,1.1342155009451798,33.70786516853933,False,False,False
A-4a267b,Pro,FinTech,other,False,25,2024-06-17,2024-05-09,39,0,37,357,107254,13,37,26,2024-05-25,4,0.036414565826330535,94.87179487179486,23,4.0,0.0,16.25,105.0,4.333333333333333,3.0,2.0,10.256410256410255,11.204481792717086,False,True,False
A-bcbe98,Enterprise,Cybersecurity,other,False,46,2024-11-25,2024-07-29,119,874,61,584,164360,40,56,34,2024-11-25,11,0.0684931506849315,51.26050420168067,0,7.0,1.0,38.285714285714285,61.57142857142857,4.0,3.0,4.0,5.88235294117647,11.986301369863012,False,True,False
A-427b69,Basic,FinTech,other,False,17,2024-12-31,2024-09-07,115,323,70,698,215804,36,67,32,2024-12-27,11,0.05157593123209169,60.86956521739131,4,2.0,0.0,31.5,109.5,3.0,1.0,1.0,1.7391304347826086,2.865329512893983,False,False,False
A-0be015,Pro,FinTech,event,False,19,2024-12-13,2024-10-21,53,0,28,297,88205,13,28,19,2024-10-23,3,0.04377104377104377,52.83018867924528,51,7.0,1.0,40.285714285714285,84.85714285714286,4.2,5.0,4.0,13.20754716981132,23.56902356902357,False,True,False
A-054577,Basic,EdTech,ads,False,2,2024-12-31,2024-05-03,242,392,85,833,219747,52,83,36,2024-12-31,10,0.062424969987995196,35.12396694214876,0,1.0,0.0,46.0,70.0,4.0,1.0,1.0,0.4132231404958678,1.2004801920768307,False,False,False
A-bc87bc,Pro,FinTech,event,False,3,2024-12-31,2024-09-11,111,152,36,394,135160,14,36,24,2024-12-21,3,0.03553299492385787,32.432432432432435,10,7.0,0.0,40.57142857142857,112.0,3.75,4.0,4.0,6.306306306306306,17.766497461928935,False,False,False
A-0f7d77,Pro,FinTech,partner,False,3,2024-11-09,2024-11-11,1,133,26,254,79272,18,26,21,2024-11-04,0,0.07086614173228346,2600.0,5,5.0,0.0,27.2,74.6,5.0,2.0,3.0,500.0,19.68503937007874,False,True,False
A-e7beab,Enterprise,EdTech,organic,False,5,2024-04-25,2023-10-23,185,245,27,292,102527,16,26,16,2024-03-30,2,0.0547945205479452,14.594594594594595,26,5.0,0.0,39.0,115.2,4.0,4.0,2.0,2.7027027027027026,17.123287671232877,False,True,True
A-a09355,Basic,FinTech,organic,False,14,2024-09-13,2024-08-22,22,686,65,652,190427,37,58,32,2024-08-30,7,0.05674846625766871,295.45454545454544,14,5.0,0.0,32.6,66.6,4.0,3.0,3.0,22.727272727272727,7.668711656441718,False,True,False
A-31ab9a,Pro,FinTech,organic,False,3,2024-08-09,2024-03-23,139,2786,28,284,107863,23,28,18,2024-08-08,4,0.08098591549295775,20.14388489208633,1,5.0,0.0,43.8,75.6,3.5,2.0,2.0,3.597122302158273,17.605633802816904,False,True,False
A-0158bb,Basic,FinTech,partner,False,5,2024-12-31,2024-05-30,215,2205,36,364,122051,22,35,19,2024-12-28,3,0.06043956043956044,16.74418604651163,3,1.0,0.0,32.0,50.0,3.0,1.0,1.0,0.46511627906976744,2.7472527472527473,False,False,False
A-f19b24,Pro,Cybersecurity,organic,True,29,2024-12-31,2024-03-17,289,551,12,119,46012,10,12,12,2024-11-03,0,0.08403361344537816,4.1522491349480966,58,2.0,1.0,35.5,74.0,4.0,1.0,1.0,0.6920415224913495,16.80672268907563,False,False,False
A-798a3f,Enterprise,DevTools,other,False,12,2024-07-19,2023-12-25,207,2587,30,282,80392,15,27,17,2024-06-03,3,0.05319148936170213,14.492753623188406,46,4.0,0.0,39.5,48.0,4.0,2.0,4.0,1.932367149758454,14.184397163120567,True,True,False
A-42b791,Pro,FinTech,event,False,3,2024-12-31,2024-06-11,203,380,32,312,84693,6,32,19,2024-12-20,2,0.019230769230769232,15.763546798029557,11,3.0,0.0,33.666666666666664,72.0,4.0,2.0,2.0,1.477832512315271,9.615384615384617,False,False,False
A-068fc6,Enterprise,EdTech,event,False,35,2024-12-31,2023-10-28,430,6965,59,598,189037,29,57,32,2024-12-29,5,0.048494983277591976,13.72093023255814,2,5.0,0.0,38.8,121.4,4.333333333333333,3.0,4.0,1.1627906976744187,8.361204013377925,False,False,True
A-6f50ae,Pro,FinTech,partner,False,19,2023-11-06,2023-11-11,1,3781,35,332,97726,21,33,25,2023-11-04,2,0.06325301204819277,3500.0,2,1.0,0.0,34.0,144.0,5.0,1.0,0.0,100.0,3.0120481927710845,True,True,False
A-a2485e,Pro,FinTech,event,True,3,2024-12-31,2024-08-08,145,3383,28,317,102647,13,28,22,2024-11-27,5,0.04100946372239748,19.310344827586206,34,0.0,0.0,,,,0.0,0.0,0.0,0.0,False,False,False
A-bb1eaa,Basic,Cybersecurity,organic,False,21,2024-08-15,2024-06-30,46,1225,13,126,38633,5,13,12,2024-05-25,2,0.03968253968253968,28.26086956521739,82,5.0,0.0,27.0,95.2,4.0,1.0,4.0,10.869565217391305,39.682539682539684,False,True,False
A-cc98bc,Basic,DevTools,ads,False,32,2024-12-31,2023-05-27,584,0,53,551,160470,24,48,29,2024-12-24,3,0.043557168784029036,9.075342465753424,7,3.0,0.0,4.666666666666667,122.33333333333333,4.0,1.0,1.0,0.5136986301369862,5.44464609800363,False,False,False
A-d77f4c,Pro,DevTools,partner,True,4,2024-08-06,2023-10-24,287,196,50,492,154957,21,50,28,2024-07-24,4,0.042682926829268296,17.421602787456447,13,2.0,0.0,31.0,75.0,4.0,2.0,1.0,0.6968641114982579,4.065040650406504,False,True,True
A-ccabf0,Pro,HealthTech,organic,False,1,2024-05-05,2023-11-07,180,0,32,317,103874,21,32,24,2024-05-01,4,0.06624605678233439,17.77777777777778,4,4.0,0.0,46.25,89.75,3.6666666666666665,3.0,2.0,2.2222222222222223,12.618296529968454,False,True,True
A-700ade,Enterprise,Cybersecurity,organic,True,1,2024-12-31,2024-11-07,54,950,29,284,85381,18,29,20,2024-10-12,2,0.06338028169014084,53.70370370370371,80,4.0,0.0,30.25,53.5,4.666666666666667,3.0,3.0,7.4074074074074066,14.084507042253522,False,False,False
A-4a4c2d,Enterprise,DevTools,event,False,54,2024-12-31,2023-07-03,547,2646,58,577,161718,34,57,28,2024-12-28,1,0.058925476603119586,10.603290676416819,3,5.0,0.0,42.0,104.0,4.25,4.0,2.0,0.9140767824497258,8.665511265164644,False,False,False
A-b7ef83,Pro,Cybersecurity,partner,True,1,2024-06-01,2024-06-12,1,588,54,547,168979,32,50,28,2024-05-29,4,0.05850091407678245,5400.0,3,1.0,0.0,28.0,88.0,4.0,1.0,1.0,100.0,1.8281535648994516,False,True,False
A-e08cd3,Pro,FinTech,ads,True,67,2024-09-21,2024-09-30,1,1273,35,360,120790,19,35,25,2024-06-21,6,0.05277777777777778,3500.0,92,6.0,0.0,28.166666666666668,81.16666666666667,4.0,2.0,4.0,600.0,16.666666666666668,False,True,False
A-19b2c8,Pro,DevTools,other,False,20,2024-08-16,2023-06-19,424,3980,51,491,150016,28,50,25,2024-08-14,3,0.05702647657841141,12.028301886792454,2,2.0,0.0,28.0,80.5,4.5,2.0,0.0,0.4716981132075472,4.0733197556008145,False,True,False
A-970c97,Enterprise,HealthTech,other,False,14,2024-12-31,2024-03-06,300,931,44,444,133732,24,43,26,2024-12-30,2,0.05405405405405406,14.666666666666666,1,1.0,0.0,61.0,139.0,5.0,1.0,1.0,0.33333333333333337,2.2522522522522523,False,False,False
A-6dee43,Basic,FinTech,other,True,3,2024-01-14,2023-10-22,84,0,28,298,94430,7,28,19,2024-01-02,0,0.02348993288590604,33.33333333333333,12,3.0,0.0,45.666666666666664,28.333333333333332,4.333333333333333,3.0,3.0,3.571428571428571,10.06711409395973,False,True,False
A-5ed98d,Basic,DevTools,partner,False,24,2024-09-27,2024-06-28,91,0,23,239,74312,13,22,19,2024-07-23,2,0.05439330543933055,25.274725274725274,66,5.0,0.0,35.8,91.8,5.0,1.0,2.0,5.4945054945054945,20.920502092050206,False,True,False
A-c58f49,Enterprise,EdTech,other,True,70,2024-08-27,2024-08-10,17,13930,32,302,94583,22,31,22,2024-06-09,3,0.0728476821192053,188.23529411764704,79,2.0,0.0,28.5,74.5,5.0,1.0,1.0,11.76470588235294,6.622516556291391,False,True,False
A-9c18c4,Pro,HealthTech,ads,False,11,2024-12-31,2023-08-09,510,2189,56,556,178453,37,53,30,2024-12-13,4,0.06654676258992806,10.980392156862745,18,4.0,0.0,42.25,130.25,4.0,2.0,2.0,0.7843137254901961,7.194244604316547,True,False,False
A-cc8c8f,Enterprise,DevTools,ads,False,23,2024-09-12,2024-06-21,83,0,25,239,58898,14,25,19,2024-08-20,1,0.058577405857740586,30.120481927710845,23,2.0,0.0,14.5,123.0,3.5,2.0,2.0,2.4096385542168677,8.368200836820083,False,True,False
A-5f7781,Pro,DevTools,other,False,22,2024-12-25,2024-08-27,120,1078,18,183,69505,10,18,16,2024-12-25,2,0.0546448087431694,15.0,0,2.0,0.0,28.5,42.0,4.0,1.0,2.0,1.6666666666666667,10.92896174863388,False,True,False
A-e1b9cd,Pro,DevTools,event,False,40,2024-10-01,2023-03-21,560,1960,76,804,231497,47,76,33,2024-09-26,9,0.05845771144278607,13.571428571428571,5,1.0,0.0,35.0,115.0,3.0,1.0,1.0,0.17857142857142858,1.243781094527363,True,True,False
A-ac85cd,Enterprise,EdTech,partner,False,53,2024-10-20,2024-08-02,79,4165,58,567,156873,29,55,28,2024-10-19,5,0.05114638447971781,73.41772151898735,1,3.0,0.0,33.666666666666664,76.33333333333333,3.5,2.0,0.0,3.79746835443038,5.291005291005291,False,True,False
A-d792a6,Enterprise,DevTools,organic,False,4,2023-09-11,2023-02-06,217,12935,19,196,53009,6,18,13,2023-08-27,2,0.030612244897959183,8.755760368663594,15,1.0,0.0,45.0,36.0,4.0,1.0,0.0,0.4608294930875576,5.1020408163265305,False,True,False
A-ac9111,Pro,HealthTech,event,True,21,2024-06-25,2023-09-06,293,4179,63,620,190863,33,58,29,2024-06-21,8,0.0532258064516129,21.501706484641637,4,3.0,0.0,24.666666666666668,89.66666666666667,5.0,1.0,2.0,1.023890784982935,4.838709677419355,False,True,False
A-18793f,Basic,EdTech,organic,True,148,2024-12-30,2024-12-19,11,0,48,486,168310,20,46,30,2024-12-12,4,0.0411522633744856,436.3636363636363,18,5.0,0.0,45.2,101.6,3.8,5.0,2.0,45.45454545454545,10.2880658436214,False,True,False
A-9f0b68,Basic,EdTech,ads,False,10,2024-08-10,2024-05-17,85,0,62,623,170766,33,59,34,2024-08-06,11,0.052969502407704656,72.94117647058823,4,2.0,0.0,20.5,83.5,3.0,1.0,1.0,2.3529411764705883,3.2102728731942216,False,True,False
A-d3c88e,Pro,DevTools,event,False,16,2024-11-18,2024-10-23,26,3184,59,600,187971,45,58,32,2024-11-11,11,0.075,226.9230769230769,7,3.0,0.0,58.0,48.0,4.0,1.0,3.0,11.538461538461538,5.0,False,True,False
A-ccb686,Basic,DevTools,other,False,10,2024-06-22,2024-02-02,141,209,45,467,139858,24,42,29,2024-06-16,5,0.05139186295503212,31.914893617021278,6,1.0,0.0,67.0,30.0,4.0,1.0,1.0,0.7092198581560284,2.1413276231263385,False,True,False
A-118f1c,Pro,Cybersecurity,other,False,32,2024-12-17,2024-10-31,47,6368,38,369,96816,14,36,22,2024-10-05,2,0.037940379403794036,80.85106382978722,73,1.0,0.0,64.0,141.0,3.0,1.0,0.0,2.127659574468085,2.710027100271003,False,True,False
A-0e966d,Basic,FinTech,ads,False,11,2024-12-31,2024-06-30,184,209,64,636,197685,34,62,31,2024-12-14,11,0.05345911949685535,34.78260869565217,17,3.0,1.0,31.666666666666668,95.33333333333333,4.5,2.0,1.0,1.6304347826086956,4.716981132075471,True,False,True
A-b9f5b1,Pro,Cybersecurity,other,True,15,2023-07-21,2023-03-12,131,2985,11,106,27855,8,11,9,2023-07-21,0,0.07547169811320754,8.396946564885496,0,2.0,1.0,44.0,33.5,3.5,2.0,0.0,1.5267175572519083,18.867924528301884,False,True,False
A-8ae3fc,Pro,DevTools,ads,False,9,2024-08-10,2024-07-17,24,380,29,298,105597,27,29,23,2024-05-16,5,0.09060402684563758,120.83333333333333,86,4.0,0.0,39.5,65.5,3.5,2.0,4.0,16.666666666666664,13.422818791946309,False,True,False
A-55f257,Basic,FinTech,organic,False,9,2024-12-31,2024-01-12,354,4179,53,476,145972,25,50,31,2024-12-31,6,0.052521008403361345,14.971751412429379,0,6.0,0.0,43.166666666666664,114.5,5.0,4.0,3.0,1.694915254237288,12.605042016806722,False,False,False
A-d26ab4,Basic,DevTools,organic,False,9,2024-12-26,2024-11-08,48,6567,46,458,121379,24,43,24,2024-12-09,3,0.05240174672489083,95.83333333333334,17,2.0,0.0,49.5,110.0,4.0,1.0,1.0,4.166666666666666,4.366812227074235,True,True,False
A-712533,Pro,EdTech,organic,False,18,2024-07-18,2023-08-13,340,882,42,437,136348,28,42,29,2024-06-24,4,0.06407322654462243,12.352941176470589,24,2.0,0.0,24.5,126.5,4.0,2.0,0.0,0.5882352941176471,4.576659038901602,False,True,False
A-781cc0,Pro,EdTech,organic,False,12,2024-10-12,2024-09-04,38,228,74,727,227040,38,68,30,2024-10-11,6,0.052269601100412656,194.73684210526315,1,3.0,0.0,55.333333333333336,87.33333333333333,4.0,2.0,2.0,7.894736842105263,4.126547455295736,False,True,False
